Age,Attrition,StackRate,Department,JobRole,DistanceFromHome,Education,Gender,JobLevel,Technical,TotalWorkingYears,SpaChange,PocChange,ShiftChange,CareerProgression,EmployeeNumber
27,No,51,1,1,11,1,0,0,1,3,1,1,1,0,17000012
23,No,68,1,1,4,1,1,0,1,1,1,1,1,0,17000036
22,No,68,1,1,25,1,0,0,0,0,1,1,1,0,17000045
25,No,81,1,1,17,1,0,0,1,1,1,1,1,0,17000054
23,No,55,1,1,17,1,1,0,1,1,1,1,1,0,17000057
24,No,31,1,1,19,1,0,0,1,1,1,1,1,0,17000058
24,No,69,1,1,20,1,0,0,1,1,1,1,1,0,17000059
23,No,61,1,1,25,1,0,0,1,2,1,1,1,0,17000060
23,No,50,1,1,30,1,0,0,1,1,1,1,1,0,17000203
23,Yes,65,1,1,8,1,1,0,1,2,1,1,1,0,17000205
23,No,66,1,1,15,1,1,0,1,2,1,1,1,0,17000214
24,No,60,1,1,14,1,0,0,1,1,1,1,1,0,17000216
24,No,55,1,1,27,1,1,0,1,2,1,0,1,0,17000218
24,No,60,1,1,17,1,0,0,1,1,1,1,1,0,17000222
24,No,78,2,7,3,1,0,0,1,1,1,1,1,0,17000293
25,Yes,77,1,1,17,1,1,0,1,2,1,1,1,0,17000295
23,No,75,2,7,17,1,0,0,1,1,1,1,1,0,17000296
24,No,62,1,1,17,1,1,0,1,1,1,1,1,0,17000299
23,No,67,2,7,12,1,0,0,1,1,1,0,1,0,17000529
23,No,63,2,7,17,1,0,0,1,1,1,0,1,0,17000530
23,No,66,2,7,21,1,0,0,1,1,0,1,1,0,17000531
24,No,58,1,1,17,1,1,0,1,1,0,1,1,0,17000534
23,No,64,1,1,17,1,1,0,1,2,0,1,1,1,17000538
25,No,60,1,1,17,1,0,0,1,2,0,1,1,1,17000541
23,No,65,1,1,17,1,0,0,1,1,0,1,1,0,17000542
24,No,73,1,1,17,1,0,0,1,2,0,1,1,0,17000545
23,No,59,1,1,17,1,0,0,1,1,0,1,1,0,17000547
23,No,75,1,1,17,1,0,0,1,1,0,1,1,0,17000671
23,No,76,1,1,34,1,0,0,1,2,0,1,1,0,17000672
26,No,72,2,7,15,1,1,0,1,1,1,1,1,0,17000675
24,No,64,1,1,17,1,0,0,1,1,1,1,1,0,17000677
25,No,77,1,1,11,1,0,0,1,1,1,1,1,0,17000679
27,No,56,1,1,9,1,1,0,1,1,1,1,1,0,17000683
25,No,68,1,1,17,1,1,0,1,1,1,1,1,0,17000694
23,No,68,1,1,11,1,0,0,1,1,1,1,1,0,17000696
23,No,65,1,1,38,1,0,0,1,1,1,1,1,0,17000712
25,No,69,1,1,24,1,1,0,1,2,1,1,1,0,17000778
25,No,72,1,1,17,1,1,0,1,1,1,1,1,0,17000783
24,No,60,1,1,17,1,1,0,1,1,0,1,1,0,17000785
25,No,59,1,1,34,1,0,0,1,1,1,1,1,0,17000786
23,No,63,1,1,17,1,1,0,1,1,0,1,1,0,17000789
23,No,72,1,1,30,1,1,0,1,2,1,1,1,1,17000797
25,No,67,1,1,17,1,0,0,1,1,1,1,1,0,17000801
25,No,77,1,1,7,1,0,0,1,2,1,1,1,0,17000802
23,No,73,1,1,10,1,0,0,1,1,1,1,1,1,17000843
23,No,68,1,1,14,1,1,0,1,2,1,1,1,0,17000844
23,No,62,1,1,14,1,0,0,1,1,1,1,1,0,17000846
23,Yes,57,1,1,28,1,0,0,1,1,1,1,1,0,17000850
23,Yes,55,1,1,17,1,0,0,1,1,1,1,1,0,17000851
24,No,66,1,1,17,1,0,0,1,1,1,1,1,0,17000873
22,No,71,1,1,30,1,0,0,1,1,1,1,1,0,17000879
23,No,53,1,1,31,1,0,0,1,1,1,1,1,0,17000881
23,No,62,1,1,17,1,0,0,1,2,1,1,1,0,17000882
23,No,63,1,1,17,1,0,0,1,2,1,0,1,0,17000883
26,No,51,1,1,5,1,1,0,1,2,1,1,1,0,17000955
24,No,58,1,1,17,1,1,0,1,1,1,1,0,1,17000976
23,No,78,1,1,10,1,0,0,1,1,1,1,1,0,17001047
23,No,71,1,1,17,1,0,0,1,2,1,1,1,1,17001048
23,No,69,1,1,21,1,0,0,1,1,1,1,1,0,17007806
23,No,62,1,1,17,1,0,0,1,1,1,1,1,0,17007811
22,No,62,1,1,15,1,0,0,1,1,1,1,1,0,17007814
23,No,64,1,1,17,1,0,0,1,1,1,1,1,0,17007816
23,No,67,1,1,12,1,0,0,1,1,1,1,1,0,17007817
23,No,78,1,1,12,1,0,0,1,1,1,1,1,0,17007818
25,No,80,6,4,17,1,0,0,1,1,1,1,1,0,17007819
23,No,81,6,4,14,1,0,0,1,1,1,1,1,0,17007823
23,No,95,6,4,17,1,1,0,1,1,1,1,1,0,17007824
23,No,95,6,4,15,1,0,0,1,1,1,1,1,0,17007825
26,No,88,6,4,17,1,1,0,1,1,1,1,1,1,17007826
27,No,91,6,4,24,1,0,0,1,1,1,1,1,0,17007827
25,No,65,1,1,17,1,0,0,1,1,1,1,1,0,17008166
24,Yes,67,1,1,17,1,0,0,1,1,1,1,1,0,17008173
23,No,74,1,1,16,1,1,0,1,1,1,1,1,0,17008185
25,No,61,1,1,12,1,0,0,1,1,1,1,1,0,17008193
23,No,59,1,1,22,1,0,0,1,1,1,1,1,0,17008195
23,No,66,1,1,19,1,0,0,1,1,1,1,1,0,17008197
24,No,51,1,1,10,1,0,0,1,1,1,1,1,0,17008207
23,No,79,1,1,40,1,0,0,1,1,0,1,1,0,17008214
24,No,57,1,1,14,1,0,0,1,1,0,1,1,0,17008215
25,No,93,1,1,6,1,0,0,1,1,0,1,1,0,17008217
25,No,55,1,1,10,1,0,0,1,1,0,1,1,0,17008218
23,No,69,1,1,10,1,0,0,1,1,1,1,1,0,17008219
24,No,72,1,1,17,8,1,0,1,1,1,1,1,0,17008224
23,No,73,1,1,17,1,0,0,1,1,0,1,1,0,17008228
23,No,103,1,1,17,1,0,0,1,1,0,1,1,0,17008239
24,No,52,1,1,15,1,1,0,1,1,1,1,1,1,17008240
23,No,105,1,1,14,1,0,0,1,1,0,1,1,0,17008242
23,No,97,1,1,17,1,1,0,1,1,1,1,1,0,17008243
25,No,64,1,1,25,1,0,0,1,1,0,1,1,0,17008245
23,Yes,52,1,1,14,1,0,0,1,1,0,1,1,0,17008246
23,No,85,1,1,17,1,0,0,1,1,0,1,1,0,17008247
26,Yes,86,1,1,17,1,0,0,1,1,1,1,1,0,17008248
25,No,44,1,1,17,1,1,0,1,1,0,1,1,0,17008250
22,No,58,1,1,17,1,1,0,1,1,1,1,1,0,17008254
23,No,58,1,1,17,1,0,0,1,1,1,1,1,0,17008255
24,No,90,1,1,20,1,0,0,1,1,1,1,1,0,17008256
24,No,91,1,1,17,1,0,0,1,1,1,1,0,1,17008258
24,No,75,1,1,17,1,0,0,1,1,1,1,1,0,17008260
23,No,86,1,1,25,1,0,0,1,1,1,1,1,0,17008261
23,No,85,1,1,10,1,0,0,1,1,1,1,1,0,17008263
23,No,55,1,1,10,1,0,0,1,1,1,1,1,0,17008265
23,No,86,1,1,9,1,0,0,1,1,1,1,1,0,17008266
23,No,93,1,1,17,1,1,0,1,1,1,1,1,0,17008269
25,No,71,1,1,15,1,0,0,1,1,1,1,1,0,17008274
25,No,76,1,1,17,0,1,1,0,2,0,1,0,0,17008465
23,No,60,1,1,32,1,1,1,1,1,1,1,1,1,17008466
26,No,57,1,1,17,1,0,0,1,1,0,1,1,0,17008627
29,No,59,1,1,17,1,1,0,1,1,0,1,1,0,17008628
22,No,55,1,1,25,1,1,0,1,1,0,1,1,0,17008629
24,No,64,1,1,18,1,0,0,1,1,0,1,1,1,17008630
23,No,67,1,1,12,1,1,0,1,1,1,1,1,0,17008634
24,No,67,1,1,15,1,0,0,1,1,1,1,1,0,17008648
24,Yes,0,6,4,7,1,0,1,1,1,1,1,1,0,17008853
24,No,91,6,4,17,1,1,0,1,1,1,0,1,1,17008854
23,No,47,1,1,17,1,0,0,1,1,1,1,1,1,17008856
22,No,62,1,1,25,1,0,0,1,1,0,1,1,0,17008857
23,No,67,1,1,17,1,0,0,1,1,1,1,1,0,17008860
23,No,60,6,4,1,1,1,0,1,1,1,1,1,1,17008863
27,No,40,1,1,11,1,1,0,1,1,1,1,1,0,17008865
24,No,74,6,4,11,1,1,0,1,1,1,1,1,0,17008869
29,No,67,1,1,23,1,0,1,1,1,0,0,1,1,17008874
29,No,77,6,4,26,1,0,0,1,1,1,1,1,0,17008954
23,No,95,6,4,17,1,1,0,1,1,1,0,1,0,17008955
24,No,58,1,1,8,1,0,0,1,1,1,1,1,0,17008966
24,No,63,2,7,17,1,0,0,1,1,1,0,1,0,17008967
24,No,75,1,1,17,1,0,0,1,1,1,0,1,0,17008970
25,No,79,5,16,17,1,1,0,1,1,1,1,1,0,17008997
23,No,73,5,16,10,1,0,0,1,1,1,1,1,0,17009001
26,No,68,5,16,17,1,1,0,1,1,1,1,1,0,17009004
23,No,64,1,1,7,1,1,0,1,1,1,1,1,0,17009006
29,No,48,1,1,20,1,1,0,1,1,1,1,1,0,17009007
23,No,64,1,1,10,1,0,0,1,1,1,0,1,0,17009008
24,No,67,1,1,11,1,1,0,1,1,1,1,1,0,17009012
22,No,54,1,1,17,1,0,0,1,1,1,1,1,0,17009013
22,No,65,1,1,17,1,1,0,1,2,1,1,1,0,17009014
26,No,62,1,1,12,1,1,0,1,1,1,1,1,0,17009015
26,No,68,1,1,29,1,1,2,1,1,1,1,0,0,17009235
26,No,97,1,1,17,1,0,1,1,1,1,1,1,0,17009425
24,No,97,6,4,8,1,1,0,1,1,1,0,1,1,17009527
24,No,89,6,4,19,1,0,0,1,1,1,1,1,0,17009560
29,No,46,1,1,16,1,1,1,1,1,0,1,0,0,17009634
25,Yes,84,1,1,17,1,1,1,1,1,0,1,0,0,17009756
31,No,89,1,1,17,1,0,1,1,1,1,1,0,0,17010163
24,No,88,1,1,16,1,1,0,1,1,0,1,1,0,17010205
24,No,65,1,1,15,1,0,0,1,1,1,0,1,0,17010258
24,No,56,1,1,15,1,0,0,1,1,0,1,1,0,17010317
23,No,60,1,1,17,1,1,0,1,1,1,1,1,0,17010334
23,No,71,1,1,10,1,0,0,1,1,1,0,1,0,17010340
24,No,56,1,1,10,1,1,0,1,1,0,1,1,0,17010349
21,No,94,1,1,17,1,1,0,1,1,1,1,1,0,17010352
21,No,82,1,1,25,1,1,2,0,3,0,1,0,0,17010962
23,No,90,5,16,17,1,1,0,1,1,1,1,1,0,17011248
29,No,69,1,1,30,1,1,2,1,1,1,1,1,0,17011513
31,No,57,1,1,17,1,1,1,1,1,1,1,0,0,17012062
27,No,76,1,1,17,1,1,0,1,3,1,1,1,1,17012076
23,No,59,1,1,14,1,0,0,1,1,1,0,1,0,17012077
24,No,71,1,1,9,1,0,0,1,1,1,0,1,1,17012078
24,No,56,1,1,23,1,0,0,1,1,1,1,1,0,17012081
24,No,63,1,1,12,1,0,0,1,1,1,1,0,0,17012082
26,No,78,1,1,17,1,0,0,1,1,1,1,1,0,17012083
24,No,75,1,1,17,1,0,0,1,1,0,0,1,0,17012086
28,No,97,6,4,17,1,1,2,1,1,1,0,1,0,17012250
23,No,80,1,1,9,1,0,0,1,2,0,1,1,0,17012271
22,No,72,1,1,12,1,0,0,1,1,0,1,1,0,17012273
23,No,85,2,7,17,1,0,0,1,1,1,0,1,0,17013377
25,No,66,2,7,17,1,0,0,1,1,1,0,1,0,17013378
23,No,62,2,7,17,1,0,0,1,1,1,1,1,0,17013379
24,No,65,2,7,17,1,0,0,1,1,0,0,1,0,17013381
24,No,88,2,7,17,1,0,0,1,1,1,0,1,0,17013383
28,No,64,2,7,17,1,1,0,1,1,1,1,1,0,17013388
24,No,64,2,7,17,1,0,0,1,1,0,1,1,0,17013393
29,No,55,2,7,12,1,0,2,1,1,1,0,1,0,17013447
24,No,61,1,1,18,1,0,0,1,1,1,1,1,0,17014112
24,No,49,1,1,12,1,0,0,1,1,1,1,1,0,17014120
24,No,63,1,1,10,1,0,0,1,1,1,1,1,0,17014124
23,No,61,1,1,15,1,0,0,1,1,1,1,1,0,17014127
23,No,89,1,1,23,1,0,0,1,1,1,1,1,0,17014130
25,No,52,1,1,15,1,0,0,1,1,1,1,1,0,17014131
23,No,60,1,1,18,1,0,0,1,1,1,1,1,0,17014133
23,No,58,1,1,17,1,1,0,1,1,1,1,1,0,17014134
23,No,54,1,1,18,1,1,0,0,1,1,1,1,0,17014135
23,No,56,1,1,17,1,0,0,1,1,1,1,1,0,17014140
24,No,56,1,1,11,1,0,0,1,1,1,1,1,0,17014144
24,No,65,1,1,18,4,0,0,1,1,1,1,1,0,17014148
22,No,73,1,1,9,1,0,0,1,1,1,1,1,1,17014153
23,No,56,1,1,12,1,0,0,1,1,1,1,1,0,17014167
24,No,46,1,1,21,1,0,0,1,1,1,1,1,0,17014179
24,No,56,1,1,21,1,1,0,1,1,1,1,1,0,17014181
24,No,51,1,1,17,1,0,0,1,1,1,1,1,0,17014184
26,No,61,1,1,25,4,1,0,1,1,1,1,1,0,17014186
23,No,91,5,16,17,1,1,0,1,1,1,1,1,1,17014860
25,No,82,5,16,17,1,0,0,1,1,1,1,1,1,17014862
24,No,93,5,16,17,1,0,0,1,1,1,1,1,0,17014863
23,No,93,5,16,17,1,1,0,1,1,1,1,1,0,17014864
24,No,93,5,16,17,1,0,0,1,1,1,1,1,0,17014865
25,No,90,5,16,17,1,0,0,1,1,1,1,1,0,17014946
24,No,94,5,16,17,1,0,0,1,1,1,1,1,0,17014947
23,No,84,5,16,17,1,0,0,1,1,1,1,1,0,17014948
22,No,91,5,16,17,1,0,0,1,1,1,1,1,0,17014950
25,No,92,5,16,17,1,0,0,1,1,1,1,1,0,17014952
25,No,81,1,1,16,1,0,1,1,1,1,0,0,0,17015223
23,No,93,5,16,17,1,0,0,1,1,1,1,1,0,17017149
23,No,66,1,1,30,1,0,0,0,2,1,1,1,0,17017753
26,Yes,73,1,1,10,1,0,0,1,1,1,1,1,0,17017755
25,No,69,1,1,27,1,1,0,1,1,1,1,1,0,17017769
23,No,47,1,1,12,1,0,0,1,1,1,1,1,0,17017772
23,No,58,1,1,12,1,0,0,1,1,1,1,1,0,17017774
24,No,61,1,1,22,1,0,0,1,1,1,1,1,0,17017776
24,No,58,1,1,10,1,0,0,1,1,1,1,1,0,17017777
22,No,54,1,1,11,1,0,0,1,1,1,1,1,0,17017778
24,No,67,1,1,11,1,0,0,1,1,1,1,1,0,17017779
23,No,37,1,1,24,1,0,0,1,1,1,1,1,0,17017783
23,No,58,1,1,45,1,0,0,1,1,1,1,1,0,17017785
25,No,63,2,7,17,1,0,0,1,1,1,1,1,0,17017891
24,No,60,2,7,17,1,1,0,1,1,1,1,1,0,17017892
23,No,63,2,7,17,1,0,0,1,1,1,1,1,0,17017903
24,No,63,1,1,11,1,0,0,1,1,1,1,1,0,17017905
28,No,71,1,1,17,1,1,0,1,2,1,1,1,0,17017907
22,No,71,1,1,11,1,1,0,0,1,1,1,1,0,17017908
23,No,60,1,1,12,1,1,0,1,1,1,1,1,0,17017909
26,No,92,12,15,17,1,0,0,1,1,1,0,1,0,20000201
26,No,56,1,1,12,1,1,0,1,1,1,1,1,0,20001059
31,No,56,1,1,49,1,0,0,1,3,1,1,1,0,20001063
27,No,68,1,1,12,1,0,0,1,1,1,1,1,0,20001064
25,No,55,1,1,17,1,0,0,1,1,1,1,1,0,20001067
25,No,50,1,1,11,1,0,0,1,1,1,1,1,0,20001071
22,No,64,1,1,10,1,0,0,1,1,1,1,1,0,20001075
23,No,62,1,1,24,1,0,0,1,1,1,1,1,0,20001077
22,No,71,1,1,10,1,0,0,1,1,1,1,1,0,20001082
24,No,93,6,4,17,1,0,0,1,1,1,1,1,0,20002659
24,No,90,6,4,17,1,1,0,1,1,1,1,1,0,20002677
23,No,91,6,4,12,1,0,0,1,1,1,1,1,0,20002696
23,No,82,6,4,17,1,0,0,1,1,1,1,1,0,20002703
23,No,96,6,4,12,1,1,0,1,1,1,1,1,0,20002707
25,No,79,6,4,17,1,1,0,1,1,1,1,1,0,20002711
25,No,85,6,4,10,1,1,0,1,1,1,1,1,0,20002975
29,No,86,6,4,17,1,0,0,1,1,1,1,1,0,20002977
25,No,84,12,15,17,1,1,0,1,1,1,0,1,0,20003082
24,No,98,12,15,17,1,1,0,1,1,1,0,1,0,20003262
26,No,97,12,15,17,1,1,0,1,1,0,0,1,0,20003893
25,No,95,12,15,17,1,1,0,1,1,1,0,1,0,20004189
23,No,63,1,1,24,1,0,0,1,1,1,1,1,0,20004359
27,No,58,1,1,25,1,1,0,1,1,1,1,1,0,20004371
23,No,68,1,1,17,1,0,0,1,1,1,1,1,0,20004374
23,No,67,1,1,17,1,0,0,1,1,1,1,1,0,20004375
24,No,62,1,1,12,1,0,0,1,1,1,1,1,0,20004376
26,No,68,1,1,17,1,0,0,1,1,1,1,1,0,20004378
23,No,66,1,1,15,1,0,0,1,1,1,1,1,0,20004381
24,No,47,1,1,10,1,1,0,0,1,1,1,1,0,20004382
23,No,57,1,1,31,1,1,0,1,2,1,1,1,0,20004419
22,No,54,1,1,22,1,0,0,1,1,1,1,1,0,20004457
24,No,48,1,1,3,1,0,0,1,1,1,1,1,0,20004463
22,No,93,12,15,17,1,0,0,1,1,1,0,1,0,20004761
22,No,64,1,1,28,1,1,0,1,1,1,1,1,0,20005234
23,No,62,1,1,20,1,1,0,1,1,1,1,1,0,20005275
26,No,66,1,1,8,1,0,0,1,1,1,1,1,0,20005309
23,No,67,1,1,30,1,0,0,1,1,1,1,1,0,20005390
23,No,61,1,1,20,1,1,0,1,1,1,1,1,0,20005395
29,No,71,6,4,2,1,1,1,1,1,1,0,1,0,20005589
22,No,93,12,15,17,1,0,0,1,1,0,0,1,0,20006028
23,No,63,1,1,17,1,1,0,1,1,1,1,1,0,20006576
22,No,66,1,1,15,1,1,0,1,1,1,1,1,0,20006581
23,No,67,1,1,22,1,1,0,1,1,1,1,1,0,20006584
23,No,61,1,1,12,1,1,0,1,1,1,1,1,0,20006586
26,No,47,1,1,25,1,0,0,1,1,1,1,1,0,20006589
25,No,57,1,1,10,1,0,0,1,1,1,1,1,0,20006592
23,No,60,1,1,12,1,1,0,1,1,1,1,1,0,20006601
26,No,89,6,4,17,1,1,0,1,1,1,1,1,0,20008847
23,No,83,6,4,15,1,0,0,1,1,1,1,1,0,20008849
27,No,78,6,4,20,1,1,0,1,1,1,1,1,0,20008851
27,No,90,6,4,15,1,1,0,1,1,1,1,1,0,20008853
23,No,90,6,4,3,1,1,0,1,1,1,1,1,0,20008855
21,No,92,6,4,17,1,1,0,1,1,1,1,1,0,20008857
26,No,88,6,4,23,1,1,0,1,1,1,1,1,0,20008859
26,No,69,6,4,17,1,1,0,1,1,1,1,1,0,20008860
24,No,84,6,4,6,1,1,0,1,1,1,1,1,0,20008861
30,No,87,6,4,60,1,1,1,1,1,1,1,1,0,20009144
23,No,59,1,1,17,1,0,0,1,1,1,1,1,0,20010062
23,No,63,1,1,16,1,1,0,1,1,1,1,1,0,20010063
23,No,69,1,1,15,1,0,0,1,1,1,1,1,0,20010065
23,No,82,1,1,21,1,0,0,1,1,1,1,1,0,20010066
24,No,61,1,1,17,1,1,0,1,1,1,1,1,0,20010067
24,No,31,1,1,17,1,1,0,1,1,1,1,1,0,20010070
22,No,68,1,1,25,1,1,0,1,1,1,1,1,0,20010072
22,No,66,1,1,17,1,1,0,1,1,1,1,1,0,20010073
27,No,13,1,1,17,1,1,0,1,1,1,1,1,0,20010086
22,No,74,1,1,17,1,1,0,1,1,1,1,1,0,20010087
22,No,77,1,1,10,1,0,0,1,1,1,1,1,0,20010091
24,No,58,1,1,12,1,1,0,1,2,1,1,1,0,20010105
24,No,48,1,1,12,1,0,0,1,1,1,1,1,0,20010106
25,No,52,1,1,38,1,0,0,1,1,1,1,1,0,20010112
24,No,56,1,1,17,1,0,0,1,1,1,1,1,0,20010113
21,No,49,1,1,39,1,0,0,1,1,1,1,1,0,20010114
30,No,51,1,1,36,1,0,0,0,1,1,1,1,0,20010115
23,No,50,1,1,14,1,1,0,0,1,1,1,1,0,20010116
24,No,55,1,1,15,1,0,0,1,1,1,1,1,0,20010117
24,No,48,1,1,24,1,0,0,1,1,1,1,1,0,20010118
23,No,66,1,1,12,1,1,0,1,1,1,1,1,0,20010120
22,No,61,1,1,17,1,0,0,1,1,1,1,1,0,20010121
24,No,67,1,1,17,1,0,0,1,1,1,1,1,0,20010122
23,No,52,1,1,17,1,0,0,1,1,1,1,1,0,20010125
23,No,68,1,1,8,1,0,0,1,1,1,1,1,0,20010156
22,No,68,1,1,17,1,0,0,1,1,1,1,1,0,20010158
23,No,69,1,1,17,1,0,0,1,1,1,1,1,0,20010162
23,No,54,1,1,17,1,1,0,1,1,1,1,1,0,20011010
24,No,54,1,1,12,1,1,0,1,1,1,1,1,0,20011011
25,No,66,1,1,12,1,1,0,1,1,1,1,1,0,20011014
22,No,57,1,1,19,1,0,0,1,1,1,1,1,0,20011019
24,No,66,1,1,15,1,0,0,1,1,1,1,1,0,20011030
22,No,68,1,1,17,1,0,0,1,1,1,1,1,0,20011035
22,No,61,1,1,21,1,1,2,1,1,1,1,0,0,20011996
21,No,92,12,15,17,1,0,0,1,1,0,0,1,0,20012917
29,No,42,1,1,17,1,0,1,1,1,1,1,1,0,20013366
29,No,53,1,1,14,0,1,2,0,3,0,1,0,0,20014338
27,No,49,4,3,5,1,1,0,1,1,1,0,1,0,20014694
28,No,81,4,3,17,1,1,0,1,1,1,0,1,0,20014750
23,No,54,5,16,17,1,1,0,1,1,1,1,1,0,20018500
23,No,71,5,16,17,1,0,0,1,1,1,1,1,0,20018501
23,No,75,5,16,9,1,1,0,1,1,1,1,1,0,20018505
22,No,73,5,16,17,1,0,0,1,1,1,1,1,0,20018506
22,No,33,5,16,15,1,1,0,1,1,1,1,1,0,20018508
25,No,48,5,16,12,1,1,0,1,1,1,1,1,0,20018636
25,No,54,2,7,17,1,1,0,1,1,1,0,1,0,20020857
25,No,36,2,7,17,1,1,0,1,1,1,0,1,0,20021090
25,No,64,4,3,11,1,1,0,1,1,1,1,1,0,20021190
23,No,42,4,3,17,1,1,0,1,1,1,0,1,0,20021224
27,No,60,4,3,17,1,1,0,1,1,1,0,1,0,20021230
22,No,70,4,3,17,1,0,0,1,1,1,0,1,0,20021232
23,No,34,4,3,24,1,1,0,1,1,1,0,1,0,20021236
24,No,49,4,3,14,1,0,0,1,1,1,1,1,0,20021237
25,No,56,4,3,14,1,0,0,1,1,1,0,1,0,20021239
24,No,51,4,3,17,1,1,0,1,1,1,0,1,0,20021242
22,No,47,4,3,17,1,1,0,1,1,1,0,1,0,20021244
23,No,56,4,3,12,1,1,0,1,1,1,0,1,0,20021248
25,No,55,4,3,22,1,0,0,1,1,1,0,1,0,20021249
22,No,41,4,3,17,1,0,0,1,1,1,0,1,0,20021250
23,No,54,4,3,18,1,0,0,1,1,1,0,1,0,20021254
23,Yes,86,4,3,26,1,1,0,1,1,1,0,1,0,20021256
22,No,39,4,3,10,1,0,0,1,1,1,0,1,0,20021257
24,No,54,4,3,17,1,1,0,1,1,1,0,1,0,20021267
22,No,93,4,3,3,1,0,0,1,1,1,0,1,0,20021270
23,No,63,4,3,17,1,1,0,1,1,1,0,1,0,20021271
22,No,48,4,3,17,1,1,0,1,1,1,0,1,0,20021272
23,No,51,4,3,12,1,1,0,1,1,1,0,1,0,20021288
23,No,43,1,1,12,0,0,1,0,3,1,0,0,0,20021749
21,No,41,2,7,36,1,0,0,1,1,1,1,1,0,20051283
25,No,42,2,7,22,1,1,0,1,2,1,1,1,0,20051348
23,No,31,2,7,17,1,1,0,1,1,1,1,1,0,20051350
20,No,90,2,7,25,1,1,0,1,1,1,1,1,0,20051355
26,No,92,2,7,15,1,1,0,1,1,1,1,1,0,20051357
23,No,60,2,7,17,1,1,0,1,1,1,1,1,0,20051364
23,No,59,5,16,17,1,1,0,1,1,1,1,1,0,20051422
25,No,100,5,16,23,1,1,0,1,1,1,1,1,0,20051423
22,No,47,2,7,17,1,1,0,1,1,1,1,1,0,20051424
26,No,77,5,16,17,1,1,0,1,1,1,1,1,0,20051445
25,No,75,5,16,17,1,1,0,1,1,1,1,1,0,20051461
27,No,88,2,7,17,1,1,0,1,1,1,1,1,0,20051492
23,No,65,2,7,17,1,1,0,1,1,1,1,1,0,20051493
24,No,59,5,16,20,1,1,0,1,1,1,1,1,0,20051495
22,No,91,2,7,17,1,0,0,1,1,1,1,1,0,20051496
20,No,44,2,7,18,1,0,0,1,1,1,1,1,0,20051563
25,No,54,5,16,17,1,1,0,1,1,1,1,1,0,20051566
21,No,82,2,7,20,1,1,0,1,1,1,1,1,0,20051712
20,No,68,2,7,30,1,1,0,1,1,1,1,1,0,20051729
21,No,97,2,7,17,1,1,0,1,1,1,1,1,0,20052418
22,No,76,5,16,14,1,1,0,1,1,1,1,1,0,20052431
23,No,82,5,16,17,1,1,0,1,1,1,1,1,0,20052439
21,No,97,5,16,17,1,1,0,1,1,1,1,1,0,20052449
26,No,74,5,16,17,1,1,0,1,1,1,1,1,0,20052480
20,No,36,5,16,29,1,1,0,1,2,1,1,1,0,20052486
22,No,35,4,3,17,1,1,0,1,1,1,1,1,0,20052488
20,No,37,4,3,18,1,0,0,1,1,1,1,1,0,20052490
23,No,32,4,3,17,1,0,0,1,1,1,1,1,0,20052494
22,No,58,4,3,25,1,0,0,1,1,1,1,1,0,20052496
28,No,74,4,3,12,1,0,0,1,1,1,1,1,0,20052497
24,No,38,4,3,17,1,1,0,1,1,1,1,1,0,20052498
21,No,38,4,3,35,1,1,0,1,1,1,1,1,0,20052499
24,No,44,4,3,17,1,1,0,1,1,1,1,1,0,20052500
23,No,74,4,3,20,1,0,0,1,1,1,1,1,0,20052502
22,No,60,4,3,17,1,1,0,1,1,1,1,1,0,20052504
23,No,53,4,3,17,1,1,0,1,1,1,1,1,0,20052670
22,No,55,4,3,17,1,0,0,1,1,1,1,1,0,20052671
22,No,46,4,3,7,1,0,0,1,1,1,1,1,0,20052672
21,No,81,5,16,17,1,0,0,1,1,1,1,1,0,20052673
23,No,79,5,16,9,1,1,0,1,1,1,1,1,0,20052674
21,No,50,4,3,17,1,0,0,1,1,1,1,1,0,20052675
22,No,92,4,3,17,1,1,0,1,1,1,1,1,0,20052686
22,No,52,5,16,17,1,0,0,1,1,1,1,1,0,20052687
26,No,66,4,3,5,1,0,0,1,1,1,1,1,0,20052688
23,No,76,5,16,17,1,0,0,1,1,1,1,1,0,20052804
25,No,45,4,3,3,1,0,0,1,1,1,1,1,0,20052805
23,No,30,4,3,17,1,1,0,1,1,1,1,1,0,20052806
23,No,85,5,16,17,1,0,0,1,1,1,1,1,0,20053115
27,No,43,4,3,17,1,1,0,1,1,1,1,1,0,20053119
21,No,71,4,3,17,1,1,0,1,1,1,1,1,0,20053128
23,No,78,5,16,17,1,1,0,1,1,1,1,1,0,20053612
25,No,81,1,1,14,1,1,0,1,1,0,1,1,0,20059783
24,No,94,1,1,20,1,1,0,1,1,0,1,1,0,20059784
22,No,80,1,1,12,1,1,0,1,1,0,1,1,0,20059786
22,No,33,1,1,21,1,1,0,1,1,0,1,1,0,20059813
22,No,83,1,1,3.2,1,1,0,1,1,0,1,1,0,20059839
26,No,32,1,1,26,1,1,0,1,1,0,1,1,0,20059840
26,No,55,1,1,19,1,1,0,1,1,0,1,1,0,20059865
22,No,32,10,10,17,1,1,0,1,1,0,1,1,0,20061342
22,No,65,10,10,17,1,1,0,1,1,0,1,1,0,20061343
25,No,89,10,10,17,1,0,0,1,1,0,1,1,0,20061345
25,No,56,10,10,17,1,1,0,1,1,0,1,1,0,20061346
30,No,69,10,10,17,1,0,0,1,1,0,1,1,0,20061347
24,No,94,10,10,17,1,0,0,1,1,0,1,1,0,20061348
22,No,40,10,10,17,1,0,0,1,1,0,1,1,0,20061349
22,No,67,1,1,22,1,1,0,1,1,0,1,1,0,20061612
22,No,72,7,5,17,1,1,1,1,1,0,1,1,0,40016169
22,No,73,7,17,17,1,1,0,1,1,0,1,1,0,40019830
25,No,71,7,17,17,1,1,0,1,1,0,1,1,0,40019836
22,No,74,7,17,17,1,1,0,1,1,0,1,1,0,40019838
27,No,47,7,17,17,1,1,0,1,1,0,1,1,0,40019839
22,Yes,75,7,17,26,1,1,0,1,1,0,1,1,0,40019842
22,No,54,7,17,17,1,1,0,1,1,0,1,1,0,40019843
23,Yes,39,7,17,26,1,1,0,1,1,0,1,1,0,40019845
26,No,40,7,17,17,1,1,0,1,1,0,1,1,0,40020271
25,Yes,55,7,17,26,1,1,0,1,1,0,1,1,0,40020274
25,Yes,55,7,17,26,1,1,0,1,1,0,1,1,0,40020275
23,Yes,49,7,17,26,1,1,0,1,1,0,1,1,0,40020277
25,Yes,81,7,17,26,1,1,0,1,1,0,1,1,0,40020278
21,No,89,7,17,17,1,1,0,1,1,0,1,1,0,40020279
24,No,37,7,17,17,1,1,0,1,1,0,1,1,0,40020280
18,Yes,95,7,17,26,1,1,0,1,1,0,1,1,0,40020284
18,No,67,6,4,17,1,0,0,1,1,1,1,1,0,601298
23,No,63,1,1,10,1,1,0,1,1,1,1,1,0,771324
25,No,62,1,1,12,1,1,1,1,3,1,1,1,0,771370
23,No,73,1,1,11,1,0,0,1,2,1,1,1,0,771411
24,No,58,1,1,3,1,0,0,1,1,1,1,1,0,771412
28,No,43,1,1,20,1,0,0,1,1,1,1,1,0,771517
22,No,52,1,1,17,5,0,0,0,2,1,1,1,0,771521
25,No,81,1,1,17,1,1,0,1,1,1,1,1,0,771524
23,Yes,79,1,1,16,1,0,0,1,2,1,1,1,0,771525
24,No,46,1,1,12,1,0,0,1,1,1,1,1,0,771546
25,No,71,1,1,17,1,0,0,1,1,1,1,1,0,771547
25,Yes,54,1,1,17,1,0,0,1,2,1,1,1,0,771548
22,No,75,1,1,9,1,1,0,1,2,1,1,1,0,771570
24,No,64,1,1,17,1,0,0,1,2,1,1,1,0,771571
24,No,69,1,1,25,1,1,0,1,2,1,1,1,0,771577
25,No,72,1,1,11,1,0,0,1,1,1,1,1,0,771670
25,No,86,1,1,10,1,0,0,1,1,1,1,1,0,771671
24,No,85,1,1,3,1,0,0,1,1,1,1,1,0,771675
24,No,57,1,1,22,1,0,0,1,1,1,1,1,0,771681
25,No,83,1,1,14,1,1,0,1,1,1,1,1,0,771688
24,No,76,1,1,22,1,0,0,1,1,1,1,1,0,771689
28,No,77,1,1,10,1,0,0,1,1,1,1,1,1,771698
23,No,40,1,1,12,1,0,0,1,1,1,1,1,0,771711
23,No,80,1,1,17,1,0,0,1,1,1,1,1,0,771744
26,No,69,1,1,3,1,1,0,1,1,1,1,1,0,771748
23,No,77,1,1,14,1,0,0,1,1,1,1,1,0,771752
23,No,73,1,1,35,1,0,0,1,2,1,1,1,0,771768
25,No,59,1,1,23,2,0,0,1,2,1,1,1,0,771771
23,No,92,1,1,17,1,1,0,1,1,1,1,1,0,771777
25,No,49,1,1,11,1,0,0,1,1,1,1,1,0,771781
23,No,76,1,1,11,7,1,0,1,2,0,1,1,0,771785
25,No,63,1,1,15,1,1,0,1,1,1,1,1,0,771786
26,No,82,1,1,12,1,1,0,1,1,1,1,1,0,772118
26,No,60,1,1,15,1,1,0,1,1,0,1,1,0,772341
26,No,48,1,1,17,1,1,1,1,1,1,1,1,0,772431
22,No,76,1,1,17,1,1,0,1,1,1,1,1,0,773622
23,No,92,6,4,10,1,1,0,1,1,1,1,1,0,774241
23,No,90,6,4,9,1,1,1,1,1,1,0,1,0,774264
24,Yes,86,6,4,17,1,0,0,1,1,1,1,1,1,774281
25,No,92,6,4,53,1,1,0,1,1,1,1,1,1,775173
25,No,100,6,4,17,1,0,2,1,1,1,1,1,0,777254
25,Yes,74,1,1,17,1,0,2,1,1,1,1,0,0,778541
23,No,76,6,4,17,1,1,0,1,1,1,1,1,0,778579
24,No,94,6,4,17,1,1,0,1,1,1,1,1,0,779166
23,No,94,6,4,11,1,1,0,1,1,1,1,1,0,779200
29,No,97,6,4,23,1,0,0,1,1,1,1,1,0,779201
23,Yes,97,6,4,17,1,1,0,1,1,1,1,1,0,779215
24,No,86,6,4,17,1,1,0,1,1,1,1,1,1,779217
23,No,94,6,4,17,1,1,0,1,1,1,0,1,0,779805
25,No,95,6,4,46,1,0,0,1,1,1,1,1,0,781462
23,No,98,6,4,17,1,0,0,1,1,1,1,1,0,781463
23,No,95,6,4,10,1,1,0,1,1,1,1,1,0,781464
25,No,98,6,4,17,1,1,0,1,1,1,1,1,0,781465
23,No,58,1,1,17,1,0,0,1,2,1,1,1,0,781466
23,No,69,1,1,10,1,0,0,1,2,1,1,1,0,781469
23,No,68,1,1,10,1,0,0,1,1,1,1,1,0,781552
22,No,57,1,1,26,1,0,0,1,2,1,1,1,0,781559
25,No,93,1,1,17,1,1,0,1,1,1,1,1,0,781572
25,No,51,1,1,28,4,1,0,1,3,1,1,1,0,781573
23,No,79,1,1,35,1,0,0,1,1,1,1,1,0,781600
24,No,87,1,1,15,4,0,0,1,1,1,1,1,1,781640
28,No,58,1,1,60,1,1,0,1,1,1,1,1,0,782628
25,No,60,1,1,17,1,0,0,1,1,1,1,1,0,782982
23,No,72,1,1,12,1,0,0,1,2,1,1,1,0,783086
27,Yes,87,1,1,6,1,0,0,1,1,1,1,1,0,783091
23,No,96,1,1,34,1,1,0,1,2,1,1,1,0,783166
23,No,64,1,1,17,1,0,0,0,2,1,1,1,0,783400
25,No,65,1,1,28,1,0,0,1,3,1,1,1,0,783923
24,No,87,1,1,17,1,1,0,1,1,1,1,1,0,791522
23,No,68,1,1,25,1,1,1,1,1,1,1,1,0,793774
27,No,57,1,1,4,1,1,0,0,3,1,1,1,0,793780
25,No,51,1,1,5,4,1,1,1,2,1,1,1,0,793781
25,No,63,1,1,9,1,1,0,1,2,1,1,1,0,793783
28,Yes,88,1,1,17,1,1,1,1,1,1,1,1,1,793785
26,No,30,1,1,17,1,0,1,1,1,1,1,1,1,793787
29,No,53,1,1,17,1,1,0,1,2,1,1,1,1,793789
26,Yes,51,1,1,25,1,0,1,1,2,1,1,1,1,793848
23,No,88,1,1,17,1,0,0,1,1,1,1,1,1,793850
28,No,49,1,1,17,4,0,1,1,2,1,1,1,0,793855
26,No,67,1,1,17,1,0,0,1,1,1,1,1,0,793856
24,No,81,1,1,9,1,0,0,1,2,1,1,1,0,793861
27,No,76,1,1,36,1,1,0,1,1,1,1,1,0,793863
24,No,82,1,1,12,1,0,0,1,2,1,1,1,0,793868
25,No,67,1,1,11,1,0,0,1,2,1,1,1,0,793869
29,No,60,1,1,45,1,1,0,0,2,1,1,1,0,793875
24,Yes,78,1,1,23,1,1,0,1,2,1,1,1,0,793876
23,No,54,1,1,17,1,0,1,1,2,1,1,1,0,793878
24,No,67,1,1,15,1,0,0,1,2,1,1,1,1,793921
25,No,64,1,1,43,1,1,0,1,1,1,1,1,0,794108
27,No,88,1,1,15,1,1,0,1,2,1,1,1,0,794112
23,No,95,1,1,12,1,0,0,1,2,1,1,1,0,794117
26,No,57,1,1,17,1,1,1,1,3,1,1,1,0,794124
24,No,69,1,1,10,1,1,0,1,2,1,1,1,0,794125
23,Yes,60,1,1,17,1,0,0,1,2,1,1,1,0,794133
24,No,99,1,1,29,1,1,0,1,2,1,1,1,1,794135
31,No,81,1,1,11,1,1,0,1,2,1,1,1,1,794145
22,No,85,6,4,17,1,1,0,1,1,1,1,1,0,794151
24,No,32,6,4,24,1,0,0,1,1,1,1,1,1,794156
26,No,91,6,4,17,1,1,0,1,1,1,1,1,1,794168
25,No,83,6,4,17,1,0,0,1,1,1,1,1,0,794186
27,No,88,6,4,17,1,1,0,1,1,1,1,1,0,794231
25,No,97,6,4,17,1,0,0,1,1,1,1,1,0,794274
25,No,95,6,4,15,1,1,0,1,1,1,1,1,0,794277
24,No,84,6,4,12,1,1,0,1,1,1,1,1,0,794278
27,No,99,6,4,17,1,0,0,1,1,1,1,1,0,794282
23,No,80,6,4,17,1,1,0,1,1,1,0,1,0,794390
29,No,94,6,4,26,1,1,0,1,1,1,1,1,0,794412
29,No,64,1,1,10,1,1,1,1,3,1,1,0,0,794722
23,No,88,6,4,7,1,0,0,1,1,1,1,1,1,794725
27,No,87,1,1,25,4,1,0,1,3,1,1,1,0,794727
28,No,48,1,1,3,4,1,1,1,3,0,1,1,0,794733
28,No,86,6,4,27,1,1,0,1,1,1,0,1,1,794735
25,No,88,6,4,17,1,1,0,1,1,1,1,1,0,794744
26,No,37,6,4,17,1,1,1,1,1,0,1,1,0,794745
28,Yes,85,6,4,3,1,1,0,1,1,1,0,1,1,794758
27,No,30,1,1,17,1,1,1,1,1,1,0,1,1,794763
27,No,45,1,1,10,1,1,1,1,3,1,0,1,1,794990
25,No,68,6,4,29,1,1,0,1,1,1,0,1,1,794991
29,No,54,1,1,18,1,1,1,1,1,1,1,1,0,794995
29,No,37,1,1,17,1,0,1,1,1,1,1,1,1,795003
28,No,82,6,4,17,1,1,0,1,1,1,1,1,1,795069
26,No,74,1,1,17,1,1,1,1,3,0,0,0,0,795146
26,No,45,6,4,17,1,1,2,1,1,1,1,1,0,795147
26,No,89,1,1,17,2,1,0,1,3,1,1,1,0,795149
28,No,89,6,4,17,1,1,0,1,1,1,0,1,0,795151
26,No,94,1,1,24,1,1,1,1,1,1,1,1,1,795153
27,No,96,1,1,10,1,1,1,1,1,1,1,1,1,795155
26,No,83,1,1,17,1,1,0,1,1,1,1,1,0,795156
26,No,86,1,1,16,1,1,1,1,3,1,1,0,0,795157
28,No,75,6,4,17,1,0,1,1,1,0,1,1,0,795198
31,No,45,6,4,12,1,0,2,1,1,1,1,1,0,795209
31,No,83,1,1,17,1,1,1,1,1,0,1,0,0,795221
26,No,54,6,4,17,1,1,1,1,1,1,0,1,0,795222
24,No,40,1,1,4,1,1,1,1,1,1,1,0,0,795225
30,No,81,6,4,22,1,1,0,1,1,1,1,1,0,795273
31,No,48,1,1,17,0,1,1,0,3,1,1,0,0,795344
31,No,32,1,1,17,1,0,2,1,1,1,0,1,0,795346
31,No,72,1,1,5,1,1,2,1,1,1,1,1,0,795528
31,No,100,1,1,18,1,1,2,1,1,1,1,1,0,795529
25,No,67,1,1,17,1,0,0,1,2,1,1,0,0,795762
24,No,48,1,1,17,1,0,0,1,2,1,1,1,0,795769
24,No,68,1,1,15,1,1,0,1,1,1,1,1,0,795779
24,No,57,1,1,17,1,1,0,1,2,1,1,1,0,795784
24,No,79,1,1,17,1,1,0,1,1,1,1,1,0,795785
26,Yes,94,6,4,17,1,1,0,1,1,1,1,1,1,795787
30,No,95,6,4,26,1,1,0,1,1,1,1,1,0,795788
29,Yes,78,6,4,17,1,1,0,1,1,1,1,1,0,795799
25,No,83,6,4,15,1,1,0,1,1,1,1,1,0,795807
26,No,33,2,7,12,1,1,0,1,1,1,1,1,1,795809
26,No,93,6,4,8,1,1,0,1,1,1,1,1,0,795811
26,No,93,6,4,15,1,0,0,1,1,1,1,1,1,795814
24,No,89,6,4,10,1,1,0,1,1,1,1,1,0,795815
23,No,99,6,4,20,1,0,0,1,1,1,1,1,0,795816
29,No,96,6,4,17,1,0,0,1,1,1,1,1,0,795817
29,No,80,6,4,16,1,1,0,1,1,1,0,1,0,795971
31,No,82,6,4,10,1,1,1,1,1,1,0,1,0,796010
24,No,85,6,4,24,1,1,0,1,1,1,1,1,0,796015
25,No,74,6,4,17,1,1,0,1,1,1,0,1,0,796019
26,No,82,6,4,17,1,0,0,1,1,1,0,1,1,796022
22,No,93,6,4,12,1,1,0,1,1,1,1,1,1,796229
23,No,88,6,4,17,1,1,1,1,1,1,1,1,0,796232
24,No,73,2,7,10,1,1,0,1,1,1,0,1,0,796450
26,No,90,6,4,6,1,1,1,1,1,1,1,1,0,796451
26,No,96,6,4,8,1,1,0,1,1,1,0,1,0,796452
26,No,99,6,4,17,1,0,0,1,1,1,0,1,0,796453
27,No,51,6,4,17,1,1,1,1,1,1,0,1,0,796454
27,No,87,2,7,25,1,1,0,1,1,1,0,1,1,796456
25,No,97,6,4,8,1,1,0,1,1,1,0,1,0,796476
24,No,75,6,4,17,1,0,0,1,1,1,0,1,0,796542
25,No,85,6,4,16,1,1,0,1,1,1,1,1,0,796560
22,No,80,6,4,10,1,1,0,1,1,1,0,1,0,796561
31,No,82,6,4,17,1,0,0,1,1,1,0,1,0,796562
24,No,90,6,4,12,1,0,0,1,1,1,1,1,0,796563
24,No,85,6,4,17,1,1,1,1,1,1,0,1,0,796566
24,No,57,6,4,17,1,1,1,1,1,1,1,1,0,796584
26,No,95,6,4,40,1,1,0,1,1,1,0,1,0,796587
26,No,97,6,4,17,1,0,0,1,1,1,0,1,0,796595
25,No,96,6,4,10,1,1,0,1,1,1,0,1,0,796596
24,No,87,6,4,11,1,1,0,1,1,1,0,1,0,796600
24,Yes,84,6,4,17,1,1,0,1,1,1,0,1,0,796614
24,Yes,76,6,4,17,1,0,0,1,1,1,0,1,0,796615
29,No,38,1,1,9,1,1,1,1,3,1,0,1,1,796616
23,No,84,6,4,15,1,0,0,1,1,1,0,1,0,796617
28,No,74,6,4,24,1,1,0,1,1,1,0,1,0,796618
26,No,79,6,4,33,1,1,0,1,1,1,0,1,0,796621
24,No,88,6,4,11,1,0,0,1,1,1,0,1,0,796625
24,No,76,6,4,17,1,0,0,1,1,1,0,1,0,796631
25,No,79,6,4,20,1,1,0,1,1,1,0,1,0,796639
24,No,87,6,4,24,1,1,0,1,1,1,0,1,0,796640
23,Yes,81,6,4,17,1,1,0,1,1,1,0,1,0,796645
23,No,91,1,1,17,1,1,0,1,1,1,1,1,0,796770
26,No,56,1,1,17,1,1,0,1,1,1,1,1,0,796783
28,Yes,58,1,1,17,1,1,0,1,2,1,1,1,0,796829
24,No,71,1,1,26,1,1,0,1,2,1,1,1,0,796839
24,Yes,83,6,4,17,1,0,0,1,1,1,0,1,0,796845
23,No,50,1,1,17,1,1,0,1,1,1,1,1,1,796846
23,No,97,6,4,17,1,1,0,1,1,1,0,1,0,796857
24,No,93,6,4,17,1,1,1,1,1,1,0,1,0,796860
23,No,90,6,4,8,1,1,0,1,1,1,0,1,0,796866
24,No,81,6,4,29,1,1,0,1,1,1,0,1,0,796869
24,No,88,6,4,17,1,1,0,1,1,1,0,1,0,796872
23,No,94,6,4,17,1,0,0,1,1,1,0,1,0,796874
23,No,86,6,4,17,1,0,0,1,1,1,0,1,0,796880
23,No,49,6,4,8,1,0,0,1,1,1,0,1,1,796892
23,No,89,6,4,17,1,0,0,1,1,1,0,1,0,796893
22,No,71,6,4,17,1,0,0,1,1,1,0,1,0,796940
24,No,69,1,1,10,1,0,0,1,1,1,1,1,1,797016
23,No,57,1,1,17,1,1,0,1,1,1,1,1,0,797017
23,No,78,6,4,18,1,1,1,1,1,1,0,1,0,797105
23,No,70,1,1,17,1,1,1,1,3,1,1,0,0,797130
24,No,61,1,1,15,1,0,0,1,2,1,1,1,0,797182
24,No,39,1,1,30,1,1,1,1,2,0,0,1,0,797458
27,No,67,1,1,17,1,1,0,1,1,1,1,1,0,797464
24,No,95,1,1,15,1,1,0,1,2,1,1,1,0,797465
24,No,69,1,1,11,1,0,0,1,1,0,0,1,0,797466
23,No,79,1,1,12,1,0,0,1,2,0,0,1,1,797468
23,No,73,1,1,17,1,0,0,1,1,1,0,1,0,797469
25,No,86,1,1,10,1,0,0,1,1,0,0,1,0,797471
22,No,85,1,1,17,1,1,0,1,1,1,0,1,0,797473
24,No,42,1,1,17,1,1,1,1,2,1,0,1,0,797474
24,No,83,1,1,12,1,0,0,1,1,1,0,1,0,797478
23,No,63,1,1,23,1,1,0,1,2,0,0,1,0,797487
22,No,50,1,1,9,1,0,0,1,1,0,1,1,0,797490
27,No,91,1,1,25,1,1,0,1,2,1,1,1,0,797491
23,No,68,1,1,5,1,0,0,1,1,0,1,1,1,797492
27,No,98,1,1,17,1,1,0,1,1,1,1,1,0,797493
25,No,65,2,7,5,1,1,0,1,1,0,1,1,0,797495
23,No,63,2,7,10,1,1,0,1,1,1,0,1,0,797497
25,No,93,2,7,17,1,1,2,1,1,1,0,1,0,797594
22,No,77,1,1,10,1,0,0,1,2,1,0,1,0,797601
23,No,63,2,7,21,1,1,1,1,1,1,0,1,0,797602
23,No,71,2,7,30,1,0,0,1,1,1,0,1,1,797603
30,No,67,2,7,5,1,0,2,1,1,1,0,1,1,797605
22,No,75,1,1,11,1,0,0,1,1,1,0,1,0,797608
23,No,68,1,1,15,1,1,0,1,2,1,0,1,0,797615
23,No,97,1,1,17,1,1,0,1,1,0,0,1,1,797617
24,No,52,2,7,11,1,1,0,1,1,1,0,1,1,797650
22,No,54,2,7,17,1,1,0,1,1,1,0,1,1,797652
31,No,64,6,4,27,1,1,2,1,1,1,1,1,0,797656
31,No,36,1,1,17,1,1,1,0,3,1,1,1,1,797794
25,No,48,1,1,14,1,1,1,1,1,1,1,1,0,797854
26,No,86,1,1,17,1,1,0,1,2,1,1,1,0,797855
23,No,66,1,1,17,1,0,0,1,1,1,0,1,1,797859
22,No,98,1,1,17,1,1,0,1,1,1,0,1,1,797860
25,No,66,1,1,15,1,1,0,1,3,1,0,1,0,797863
23,No,78,1,1,23,1,1,0,1,1,1,0,1,0,797864
23,No,69,1,1,11,1,0,0,1,2,1,0,1,0,797866
23,No,71,1,1,15,1,1,1,1,2,1,0,1,0,797867
29,No,90,6,4,2,1,1,2,1,1,1,0,1,0,797895
30,No,67,6,4,2,1,1,2,1,1,1,1,1,0,797896
26,No,90,1,1,43,1,1,0,1,1,1,1,1,1,797904
25,No,97,6,4,15,1,1,1,1,1,1,0,1,1,797992
28,No,50,6,4,17,1,1,2,1,1,1,1,1,0,798008
28,No,56,6,4,17,1,1,1,1,1,1,0,1,0,798086
29,No,94,1,1,38,1,1,0,1,1,1,0,1,0,798092
28,No,67,1,1,12,1,1,1,1,1,1,0,1,1,798093
25,No,73,1,1,15,1,1,0,1,2,1,0,1,0,798095
25,No,73,1,1,12,1,0,0,1,2,1,0,1,1,798098
25,No,94,1,1,17,1,1,0,1,1,1,0,1,0,798099
23,No,62,1,1,17,1,0,0,1,1,1,0,1,0,798102
25,No,58,1,1,25,1,0,0,1,2,1,0,1,0,798103
25,No,33,1,1,17,1,0,1,1,1,1,1,0,0,798108
27,No,60,2,7,22,1,1,0,1,1,1,0,1,1,798116
24,No,74,1,1,26,1,1,0,0,2,0,1,1,0,798135
23,No,45,1,1,12,1,1,0,1,1,1,0,1,0,798206
27,No,81,1,1,17,1,1,0,1,1,1,1,1,0,798207
30,No,96,1,1,18,1,1,1,1,1,1,1,1,1,798208
29,No,73,6,4,17,1,0,0,1,1,1,0,1,0,798220
28,No,68,6,4,17,1,1,0,1,1,1,0,1,0,798221
24,No,58,1,1,5,1,0,0,1,1,1,0,1,0,798232
25,No,29,1,1,26,1,0,0,1,2,0,1,1,0,798234
23,No,66,1,1,14,1,0,0,1,2,1,0,1,0,798282
25,No,56,1,1,19,1,0,0,1,1,1,0,1,0,798283
22,No,59,1,1,22,1,0,0,1,2,1,0,1,0,798284
24,No,69,1,1,27,1,0,0,1,2,1,1,1,0,798285
23,No,72,1,1,26,1,0,0,1,1,1,1,1,1,798288
25,No,63,1,1,17,1,1,0,1,1,1,1,1,0,798290
23,No,63,1,1,12,1,1,0,1,1,1,1,1,0,798291
26,No,65,1,1,7,1,1,0,1,2,1,1,1,0,798293
26,No,85,6,4,17,1,0,0,1,1,1,0,1,0,798298
28,No,76,1,1,12,1,1,0,1,1,0,1,1,0,798299
26,No,51,1,1,11,1,0,0,1,1,0,1,1,0,798301
26,No,35,1,1,22,1,0,1,1,1,1,1,1,0,798332
23,No,83,1,1,9,1,0,0,1,1,1,0,1,0,798336
28,No,45,1,1,24,1,1,1,1,2,1,1,1,0,798338
28,Yes,33,1,1,35,1,0,1,1,1,0,0,0,0,798342
29,No,35,2,7,17,1,0,1,1,1,1,0,1,1,798344
23,No,79,1,1,25,5,0,0,0,1,1,0,1,0,798345
23,No,47,1,1,12,1,1,1,1,2,1,0,1,0,798347
23,No,59,1,1,35,1,0,0,1,2,1,0,1,0,798351
25,No,57,1,1,17,1,1,0,1,1,1,0,1,0,798353
23,No,61,1,1,30,1,0,0,1,1,1,0,1,0,798360
28,No,51,1,1,8,1,1,0,1,1,1,0,1,0,798363
22,No,59,1,1,15,1,1,0,1,2,1,0,1,0,798365
24,No,66,1,1,14,1,0,1,1,2,1,1,1,1,798366
29,No,74,1,1,9,1,1,0,1,3,0,1,1,0,798372
23,No,74,1,1,15,1,1,0,1,1,0,1,1,0,798389
22,No,64,1,1,15,1,0,1,1,1,1,1,1,1,798392
24,No,74,1,1,53,8,1,0,1,2,1,1,1,0,798393
26,No,64,1,1,4,5,0,0,0,2,0,0,1,0,798394
25,No,84,1,1,17,4,0,0,1,1,0,1,1,0,798396
24,No,77,1,1,12,1,0,0,1,1,0,1,1,1,798428
26,No,66,1,1,10,1,0,0,1,2,0,1,1,0,798430
23,No,81,1,1,10,1,1,0,1,1,0,1,1,0,798436
23,No,50,1,1,30,1,0,1,1,2,1,1,1,0,798438
28,No,68,1,1,17,1,1,1,1,1,1,1,1,1,798446
24,No,68,2,7,17,1,0,0,1,1,1,1,1,0,798458
22,No,61,2,7,17,1,0,0,1,1,1,0,1,1,798461
24,No,60,2,7,17,1,1,0,1,1,0,0,1,0,798462
23,No,63,2,7,17,1,1,0,1,1,1,0,1,0,798469
24,No,57,2,7,17,1,0,0,1,1,1,0,1,0,798470
31,No,65,2,7,17,1,0,1,1,1,1,1,1,1,798473
26,No,69,1,1,17,1,1,1,1,1,1,0,1,0,798573
23,No,56,1,1,17,1,1,0,1,1,1,1,1,1,798588
23,No,87,1,1,17,1,0,1,1,1,0,0,0,0,798591
23,No,72,1,1,17,1,1,0,1,1,1,1,1,0,798617
29,No,58,1,1,17,1,1,1,1,1,1,1,0,1,798618
23,No,69,1,1,9,1,0,0,1,1,1,1,1,0,798646
23,No,78,1,1,17,1,1,2,1,1,1,1,0,0,798647
25,No,88,1,1,17,1,1,1,1,3,1,1,1,0,798648
25,No,69,1,1,17,1,1,2,1,1,1,1,1,1,798649
29,No,85,6,4,17,1,0,0,1,1,1,0,1,1,798650
26,No,67,1,1,17,1,1,2,1,1,1,1,0,0,798676
26,No,42,1,1,23,1,1,1,1,1,1,1,0,1,798708
24,No,10,1,1,29,1,0,1,1,2,1,0,1,0,798731
30,No,42,2,7,17,1,1,1,1,1,1,0,1,1,798733
30,No,50,6,4,17,1,1,1,1,1,1,0,1,0,798837
22,No,65,1,1,11,1,0,0,1,1,1,1,1,0,798841
25,Yes,36,6,4,17,1,1,1,1,1,1,1,1,1,799108
24,No,82,1,1,17,1,1,0,1,1,1,1,1,0,799249
25,No,69,1,1,8,1,1,0,1,2,1,1,1,0,799250
24,No,68,1,1,17,1,1,0,1,2,1,1,1,0,799252
24,No,56,1,1,6,1,1,0,1,1,1,1,1,1,799254
25,No,60,1,1,4,1,1,0,1,1,1,1,1,0,799255
23,No,66,1,1,17,1,0,0,1,3,1,1,1,0,799257
26,No,71,1,1,35,1,0,0,1,3,1,1,1,0,799258
27,No,65,1,1,17,1,0,0,1,1,1,1,1,0,799262
25,No,64,1,1,5,1,0,0,1,2,1,1,1,0,799263
24,No,82,1,1,30,1,0,0,1,2,1,1,1,0,799265
24,No,76,1,1,28,1,0,1,1,2,0,0,0,0,799267
22,No,40,1,1,17,1,0,0,0,1,1,1,1,0,799269
29,No,69,6,4,17,1,1,0,1,1,1,0,1,0,799270
25,No,79,6,4,17,1,1,0,1,1,1,0,1,0,799340
30,No,74,6,4,17,1,0,0,1,1,1,0,1,0,799360
28,No,72,6,4,17,1,1,0,1,1,1,0,1,0,799361
25,No,53,6,4,17,1,0,0,1,1,1,0,1,0,799364
22,No,99,6,4,17,1,1,0,1,1,1,0,1,0,799475
23,No,88,6,4,17,1,0,0,1,1,1,1,1,1,799540
28,No,86,6,4,17,1,1,0,1,1,1,1,1,0,799548
23,No,79,6,4,17,1,0,0,1,1,1,1,1,0,799556
24,No,93,6,4,17,1,0,0,1,1,1,1,1,0,799558
25,No,83,6,4,17,1,1,0,1,1,1,1,1,0,799563
31,No,65,2,7,17,1,1,0,1,1,1,0,1,0,799580
25,No,62,2,7,17,1,1,0,1,1,1,0,1,0,799581
24,No,68,2,7,17,1,1,0,1,1,1,0,1,1,799583
29,No,66,2,7,17,1,1,0,1,1,1,0,1,0,799585
23,No,73,2,7,17,1,1,0,1,1,0,1,1,0,799586
24,No,76,2,7,17,1,0,0,1,1,0,0,1,0,799587
24,Yes,65,2,7,17,1,1,0,1,1,1,0,1,1,799589
26,Yes,61,2,7,17,1,0,1,1,1,1,0,1,1,799593
24,No,68,2,7,17,1,1,0,1,1,1,0,1,0,799595
25,No,95,6,4,17,1,1,0,1,1,1,0,1,0,799606
24,No,96,6,4,17,1,0,0,1,1,1,0,1,0,799608
24,No,94,6,4,17,1,0,0,1,1,1,1,1,1,799612
25,No,97,6,4,17,1,0,0,1,1,1,0,1,1,799627
25,No,79,6,4,17,1,1,0,1,1,1,1,1,0,799628
23,No,88,6,4,17,1,0,0,1,1,1,0,1,1,799629
22,No,67,6,4,17,1,0,0,1,1,1,0,1,0,799630
23,No,69,6,4,17,1,1,1,1,1,1,0,1,0,799633
24,No,79,6,4,17,1,1,0,1,1,1,0,1,0,799634
23,No,82,6,4,17,1,1,0,1,1,1,0,1,0,799644
24,No,98,6,4,17,1,1,0,1,1,1,0,1,1,799646
25,No,94,6,4,17,1,0,0,1,1,1,0,1,1,799695
25,No,53,6,4,17,1,1,1,1,1,1,0,1,0,799696
25,No,71,2,7,17,1,0,0,1,1,1,1,1,0,799697
25,No,91,6,4,17,1,1,0,1,1,1,0,1,0,799698
27,No,99,6,4,17,1,0,0,1,1,1,0,1,0,799700
24,No,95,6,4,17,1,1,0,1,1,1,0,1,0,799703
24,No,98,6,4,17,1,0,0,1,1,1,0,1,1,799704
24,No,32,6,4,17,1,1,1,1,1,1,0,1,0,799706
24,No,94,6,4,17,1,0,0,1,1,1,0,1,0,799708
25,No,76,6,4,17,1,1,0,1,1,1,0,1,0,799709
22,No,95,6,4,17,1,1,0,1,1,1,0,1,0,799710
24,No,66,2,7,17,1,0,0,1,1,0,0,1,0,799712
25,No,75,6,4,17,1,0,0,1,1,1,0,1,0,799715
23,No,97,6,4,17,1,1,0,1,1,1,0,1,1,799717
25,No,98,6,4,17,1,0,0,1,1,0,1,1,1,799724
23,No,99,6,4,17,1,0,0,1,1,1,0,1,0,799726
23,No,86,6,4,17,1,1,0,1,1,1,0,1,0,799727
23,No,92,6,4,17,1,0,0,1,1,1,0,1,0,799728
26,No,66,6,4,17,1,1,0,1,1,1,0,1,0,799729
26,No,99,1,1,15,1,1,2,1,1,1,1,1,0,799760
29,No,55,1,1,17,1,1,1,1,1,1,1,0,0,799761
24,No,89,6,4,17,1,0,0,1,1,1,0,1,1,799870
25,No,79,6,4,17,1,0,0,1,1,1,1,1,0,799871
24,No,96,6,4,17,1,0,0,1,1,1,0,1,0,799872
24,No,97,6,4,17,1,0,0,1,1,1,0,1,0,799873
27,No,81,6,4,17,1,0,0,1,1,1,1,1,1,799875
24,No,100,6,4,17,1,0,1,1,1,1,0,1,0,799876
24,No,78,1,1,3,1,0,0,1,1,1,1,1,0,799878
24,Yes,90,1,1,17,1,1,0,1,1,1,1,0,0,799879
26,Yes,61,1,1,37,1,0,0,1,2,1,0,1,0,799880
25,No,67,1,1,17,1,1,0,1,1,1,1,1,0,799882
25,No,46,6,4,17,1,1,1,1,1,1,0,1,0,799992
22,No,65,10,10,22,1,0,0,1,1,0,0,1,0,20064292
31,No,81,10,10,31,1,1,0,1,1,0,0,1,0,20064326
23,No,60,10,10,23,1,1,0,1,1,0,0,1,0,20064343
23,No,35,10,10,23,1,0,1,1,1,0,0,1,0,20064372
22,No,70,11,6,22,1,0,4,1,1,1,0,1,1,20060479
24,No,69,1,1,24,1,0,2,1,1,0,0,1,0,20068311
26,No,67,10,10,26,1,0,0,1,1,0,0,1,0,20068820
22,No,82,10,10,22,1,0,0,1,1,0,0,1,0,20068824
20,No,46,10,10,20,1,1,0,1,1,0,0,1,0,20068825
25,No,68,10,10,25,1,1,0,1,1,0,0,1,0,20068828
22,No,53,12,15,22,1,0,0,1,1,0,0,1,0,20071403
22,No,48,12,15,22,1,0,0,1,1,0,0,1,0,20071459
20,No,96,12,15,20,1,0,0,1,1,0,0,1,0,20071487
21,No,70,12,15,21,1,0,0,1,1,0,0,1,0,20071494
22,No,31,12,15,22,1,0,0,1,1,0,0,1,0,20071497
23,No,62,9,12,23,1,0,1,1,1,0,1,1,0,20073313
23,No,76,1,1,23,1,0,3,1,1,0,0,1,0,17011457
23,No,64,1,1,23,1,0,3,1,1,0,0,1,0,17011755
28,No,82,8,1,28,1,1,3,1,1,0,0,1,0,17015711
28,No,60,11,14,28,1,1,4,1,1,0,0,1,0,20015669
24,No,45,11,14,24,1,1,3,1,1,0,0,1,0,20016287
30,No,67,11,14,17,1,1,4,1,1,0,0,1,0,20051644
30,No,67,11,14,17,1,1,4,1,1,0,0,1,0,20054940
28,No,77,11,14,17,1,1,4,1,1,0,0,1,0,20058481
26,No,81,11,14,17,1,1,4,1,1,0,0,1,0,20062286
26,No,64,3,2,17,1,0,3,1,1,0,0,1,0,20068970
21,No,75,5,8,17,1,0,0,1,1,0,0,1,0,20077043
24,No,61,5,18,17,1,0,0,1,1,0,0,1,0,20077044
23,No,52,5,16,17,1,0,0,1,1,0,0,1,0,20077045
23,No,45,5,18,17,1,0,0,1,1,0,0,1,0,20077046
25,No,75,5,18,22,1,1,0,1,1,0,0,1,0,20077047
20,No,62,5,18,31,1,0,0,1,1,0,0,1,0,20077051
21,No,56,5,18,23,1,1,0,1,1,0,0,1,0,20077053
24,No,55,5,8,23,1,1,0,1,1,0,0,1,0,20077055
22,No,78,5,18,22,1,0,0,1,1,0,0,1,0,20077057
21,No,79,5,8,24,1,1,0,1,1,0,0,1,0,20077059
21,No,88,5,8,26,1,1,0,1,1,0,0,1,0,20077060
21,No,39,5,18,22,1,0,0,1,1,0,0,1,0,20077061
21,No,95,5,16,20,1,0,0,1,1,0,0,1,0,20077063
21,No,95,5,8,25,1,0,0,1,1,0,0,1,0,20077065
22,No,98,5,8,22,1,1,0,1,1,0,0,1,0,20077067
23,No,54,5,16,22,1,0,0,1,1,1,0,1,0,20077069
21,No,37,5,18,20,1,1,0,1,1,0,0,1,0,20077070
24,No,64,5,16,21,1,1,0,1,1,0,0,1,0,20077071
21,No,30,5,8,22,1,1,0,1,1,0,0,1,0,20077072
21,No,85,5,18,23,1,0,0,1,1,0,0,1,0,20077074
25,No,82,5,8,23,1,1,0,1,1,0,0,1,0,20077075
25,No,62,5,18,23,1,1,0,1,1,0,0,1,0,20077076
29,No,97,5,16,28,1,0,0,1,1,0,0,1,0,20077077
25,No,73,5,16,28,1,0,0,1,1,1,0,1,0,20077078
24,No,76,5,18,24,1,1,0,1,1,0,0,1,0,20077079
21,No,62,10,10,17,1,0,0,1,1,0,0,1,0,20077386
28,No,95,10,10,17,1,1,0,1,1,0,0,1,0,20077390
24,No,45,5,8,17,1,1,0,1,1,0,0,1,0,20077949
27,No,54,5,16,17,1,0,0,1,1,0,0,1,0,20077952
24,No,92,5,16,17,1,0,0,1,1,0,0,1,0,20077953
20,No,39,5,8,17,1,0,0,1,1,0,0,1,0,20077955
22,No,84,5,8,17,1,1,0,1,1,0,0,1,0,20077958
24,No,47,5,16,17,1,0,0,1,1,0,0,1,0,20077961
24,No,59,5,8,17,1,1,0,1,1,0,0,1,0,20077965
23,No,59,5,16,17,1,0,0,1,1,0,0,1,0,20077966
25,No,34,5,16,17,1,1,0,1,1,0,0,1,0,20077967
25,No,90,5,8,17,1,1,0,1,1,0,0,1,0,20077968
21,No,48,5,16,17,1,0,0,1,1,1,0,1,0,20077980
23,No,54,5,8,17,1,0,0,1,1,0,0,1,0,20078009
21,No,50,5,18,17,1,1,0,1,1,0,0,1,0,20078010
23,No,94,5,8,17,1,1,0,1,1,0,0,1,0,20078012
21,No,77,5,16,17,1,1,0,1,1,1,0,1,0,20078104
22,No,57,10,10,17,1,0,0,1,1,0,0,1,0,20079119
24,No,88,11,13,17,1,0,4,1,1,0,0,1,0,20079125
24,Yes,86,10,10,17,1,0,0,1,1,0,0,1,0,20079160
21,No,96,2,7,9,1,1,0,1,1,0,0,1,0,20079209
23,No,35,2,7,10,1,0,0,1,1,0,0,1,0,20079210
23,No,36,2,7,11,1,1,0,1,1,0,0,1,0,20079211
22,No,77,2,7,12,1,0,0,1,1,0,0,1,0,20079289
24,No,62,2,7,17,1,1,0,1,1,0,0,1,0,20079291
22,Yes,41,2,7,14,1,1,0,1,1,0,0,1,0,20080292
23,No,65,9,12,15,1,0,1,1,1,0,1,1,0,20080883
22,No,77,3,4,16,1,0,0,1,1,1,1,1,0,20081802
24,No,94,3,4,17,1,1,0,1,1,1,0,1,0,20081825
24,No,43,8,4,18,1,1,3,1,1,0,0,1,0,540683
24,No,68,6,4,19,1,1,3,1,1,0,0,1,0,614457
27,No,71,3,4,9,1,0,3,1,1,0,0,1,0,656259
27,No,66,1,1,9,1,0,3,1,1,0,0,1,0,773619
31,No,88,8,1,9,1,0,3,1,1,0,0,1,0,785716
31,No,80,8,1,9,1,1,3,1,1,0,0,1,0,795560
31,No,63,6,4,9,1,1,3,1,1,0,0,1,0,796181
31,No,63,2,7,9,1,1,3,1,1,0,0,1,0,796457
31,No,45,1,1,9,1,1,3,1,1,0,0,1,0,797849
31,No,33,6,4,9,1,1,3,1,1,0,0,1,0,798018
31,Yes,35,8,4,9,1,0,3,1,1,0,0,1,0,798236
26,No,52,11,14,9,1,1,4,1,1,0,0,1,0,795253
26,No,30,11,14,9,1,1,4,1,1,0,0,1,0,17015980
26,No,95,12,15,9,1,1,0,1,1,1,0,1,1,20005138
27,No,72,11,13,9,1,1,4,1,1,0,0,1,0,20070396
24,No,38,11,13,9,1,1,4,1,1,0,0,1,0,20071568
23,No,35,11,13,9,1,0,4,1,1,0,0,1,0,20073321
23,No,53,12,15,9,1,1,0,1,1,0,0,1,0,20076408
26,No,43,3,4,9,1,0,0,1,1,1,0,1,0,20081744
24,No,99,3,4,10,1,0,0,1,1,1,0,1,0,20081745
24,No,73,3,4,11,1,1,0,1,1,0,0,1,0,20081748
22,No,36,3,4,12,1,1,0,1,1,1,0,1,0,20081749
21,No,55,3,4,17,1,1,0,1,1,1,0,1,0,20081753
22,No,94,3,4,14,1,1,0,1,1,1,0,1,0,20081755
23,No,68,3,4,9,1,1,0,1,1,1,0,1,0,20081756
23,No,50,3,4,17,1,1,0,1,1,1,0,1,0,20081758
22,No,53,3,4,17,1,1,0,1,1,1,0,1,0,20081761
24,No,48,3,4,17,1,0,0,1,1,1,0,1,0,20081780
25,No,64,3,4,17,1,1,0,1,1,1,0,1,0,20081783
23,No,60,3,4,17,1,0,0,1,1,1,0,1,0,20081785
24,No,62,3,4,17,1,1,0,1,1,1,0,1,0,20081786
23,No,81,3,4,17,1,1,0,1,1,1,0,1,0,20081789
25,No,98,3,4,17,1,1,0,1,1,1,0,1,0,20081790
23,No,42,3,4,17,1,0,0,1,1,1,0,1,0,20081792
23,No,75,3,4,17,1,0,0,1,1,1,0,1,0,20081794
24,No,66,3,4,17,1,1,0,1,1,0,0,1,0,20081795
19,No,40,3,4,17,1,1,0,1,1,0,0,1,0,20081797
21,No,33,3,4,17,1,0,0,1,1,0,0,1,0,20081798
22,No,44,3,4,17,1,0,0,1,1,1,0,1,0,20081800
23,No,96,3,4,17,1,1,0,1,1,1,0,1,0,20081803
21,No,66,3,4,17,1,1,0,1,1,1,0,1,0,20081805
21,No,47,3,4,17,1,1,0,1,1,1,0,1,0,20081806
26,No,69,3,4,17,1,0,0,1,1,1,0,1,0,20081808
22,No,55,3,4,17,1,1,0,1,1,1,0,1,0,20081809
23,No,67,3,4,17,1,1,0,1,1,1,0,1,0,20081810
24,No,98,3,4,17,1,1,0,1,1,1,0,1,0,20081811
23,No,71,3,4,17,1,0,0,1,1,1,0,1,0,20081813
21,No,85,3,4,17,1,0,0,1,1,1,0,1,0,20081816
22,No,61,3,4,17,1,1,0,1,1,1,0,1,0,20081818
22,No,91,3,4,17,1,0,0,1,1,1,0,1,0,20081823
23,No,31,3,4,17,1,1,0,1,1,1,0,1,0,20081826
29,No,90,3,4,17,1,0,0,1,1,1,0,1,0,20081827
23,No,74,3,4,17,1,1,0,1,1,1,0,1,0,20081829
23,No,96,3,4,17,1,1,0,1,1,1,0,1,0,20081830
23,No,58,1,12,30,1,0,0,1,1,1,1,0,0,20082007
21,No,37,1,12,12,1,1,0,1,1,1,1,0,0,20082010
22,No,82,1,12,17,1,1,0,1,1,0,1,0,0,20082230
22,No,93,1,12,10,1,1,0,1,1,1,1,0,0,20082231
20,No,90,1,12,3,1,1,0,1,1,1,1,0,0,20082232
26,No,82,1,12,17,1,1,0,1,1,1,1,0,0,20082233
22,No,38,1,12,17,1,1,0,1,1,1,1,0,0,20082235
21,No,37,1,12,18,1,1,0,1,1,1,1,0,0,20082237
29,No,100,1,12,17,1,1,0,1,1,0,1,0,0,20082251
24,No,66,1,12,17,1,1,0,1,1,1,1,1,0,20082271
22,No,73,1,12,23,1,0,0,1,1,1,1,0,0,20082286
21,No,82,1,12,17,1,1,0,1,1,1,1,0,0,20082288
23,No,48,1,12,10,1,0,0,1,1,1,1,0,0,20082295
20,No,99,1,12,17,1,1,0,1,1,1,1,0,0,20082298
22,No,88,1,12,17,1,1,0,1,1,1,1,0,0,20082305
23,No,65,1,12,17,1,0,0,1,1,0,1,0,0,20082393
21,No,44,1,12,17,1,1,0,1,1,1,1,0,0,20082394
21,No,61,1,12,15,1,0,0,1,1,1,1,0,0,20082395
19,No,66,1,12,17,1,0,0,1,1,1,1,0,0,20082398
25,No,96,1,12,17,1,1,0,1,1,0,1,0,0,20082399
24,No,79,1,12,15,1,0,0,1,1,1,1,0,0,20082400
23,No,49,1,12,17,1,1,0,1,1,1,1,0,0,20082403
23,No,75,1,12,17,1,1,0,1,1,1,1,0,0,20082404
21,No,86,1,12,1,1,0,0,1,1,1,1,0,0,20082406
20,No,50,1,12,3,1,0,0,1,1,1,1,0,0,20082407
21,No,48,1,12,2,1,1,0,1,1,1,1,0,0,20082408
24,No,96,1,12,17,1,1,0,1,1,1,1,0,0,20082410
21,No,58,1,12,17,1,1,0,1,1,0,1,0,0,20082411
23,No,100,1,12,0,1,0,0,1,1,1,1,0,0,20082412
27,No,30,1,12,17,1,1,0,1,1,1,1,1,0,20082414
22,No,52,1,12,30,1,0,0,1,1,1,1,0,0,20082415
20,No,78,1,12,17,1,0,0,1,1,1,1,0,0,20082462
21,No,79,1,12,17,1,1,0,1,1,1,1,0,0,20082463
22,No,61,1,12,17,1,1,0,1,1,1,1,0,0,20082464
30,No,99,1,12,17,1,0,0,1,1,0,1,0,0,20082465
23,No,61,1,12,17,1,0,0,1,1,0,1,1,0,20082466
21,No,45,1,12,17,1,1,0,1,1,1,1,0,0,20082467
29,No,96,3,4,17,1,1,1,1,1,1,0,1,0,20082471
29,No,38,1,12,17,1,0,0,1,1,1,1,0,0,20082627
27,No,84,1,12,20,1,1,0,1,1,1,1,0,0,20082629
22,No,46,1,12,17,1,0,0,1,1,1,1,0,0,20082634
24,No,54,3,4,17,1,1,2,1,1,1,0,1,0,20083089
21,No,100,5,12,17,1,1,0,1,1,1,1,1,0,20083413
23,No,40,5,12,18,1,1,0,1,1,1,1,1,0,20083419
24,No,87,5,12,19,1,1,0,1,1,1,1,1,0,20083421
22,No,66,5,12,20,1,1,0,1,1,1,1,1,0,20083423
25,No,75,5,12,21,1,1,0,1,1,1,1,1,0,20083425
25,No,94,5,12,22,1,0,0,1,1,1,1,1,0,20083427
23,No,42,5,12,23,1,1,0,1,1,1,1,1,0,20083429
21,No,87,5,12,24,1,1,0,1,1,1,1,1,0,20083431
25,No,36,5,12,25,1,1,0,1,1,1,1,1,0,20083432
21,No,79,5,12,26,1,0,0,1,1,1,1,1,0,20083439
23,No,85,1,12,27,1,0,0,1,1,1,1,1,0,20085787
23,No,79,1,12,28,1,1,0,1,1,0,1,1,0,20085789
21,No,43,1,12,29,1,1,0,1,1,1,1,1,0,20085790
24,No,33,1,12,30,1,1,0,1,1,0,1,1,0,20085793
21,No,49,1,12,31,1,1,0,1,1,0,1,1,0,20085795
22,No,75,1,12,17,1,0,0,1,1,1,1,1,0,20085796
24,No,32,1,12,17,1,0,0,1,1,1,1,1,0,20085799
21,No,43,1,12,17,1,1,0,1,1,0,1,1,0,20085805
21,No,42,1,12,17,1,1,0,1,1,0,1,1,0,20085806
23,No,99,1,12,17,1,1,0,1,1,1,1,1,0,20085807
22,No,74,1,12,17,1,1,0,1,1,0,1,1,0,20085808
21,No,74,1,12,17,1,1,0,1,1,1,1,1,0,20085809
21,No,30,1,12,17,1,1,0,1,1,1,1,1,0,20085833
26,No,76,1,12,17,1,1,0,1,1,1,1,1,0,20085834
20,No,38,1,12,17,1,0,0,1,1,1,1,1,0,20085853
22,No,56,1,12,17,1,0,0,1,1,1,1,1,0,20085855
24,No,71,1,12,17,1,1,0,1,1,1,1,1,0,20085857
20,No,70,1,12,17,1,0,0,1,1,1,1,1,0,20085858
20,No,90,1,12,17,1,0,0,1,1,1,1,1,0,20085869
21,No,94,1,12,17,1,1,0,1,1,0,1,1,0,20085870
21,No,52,1,12,17,1,1,0,1,1,1,1,1,0,20085872
23,No,38,1,12,17,1,0,0,1,1,1,1,1,0,20085874
24,No,37,1,12,30,1,1,0,1,1,1,1,1,0,20085876
21,No,88,1,12,17,1,1,0,1,1,0,1,1,0,20085877
24,No,65,1,12,17,1,1,0,1,1,0,1,1,0,20085878
21,No,98,1,12,17,1,1,0,1,1,1,1,1,0,20085879
20,No,48,1,12,17,1,1,0,1,1,1,1,1,0,20085880
21,No,56,1,12,17,1,1,0,1,1,1,1,1,0,20085881
26,No,71,1,12,17,1,0,0,1,1,1,1,1,0,20085883
22,No,96,1,12,17,1,1,0,1,1,0,1,1,0,20085884
24,No,58,1,12,17,1,1,0,1,1,1,1,1,0,20085885
23,No,67,1,12,17,1,1,0,1,1,1,1,1,0,20085886
24,No,78,1,12,18,1,1,0,1,1,1,1,1,0,20085888
24,No,37,1,12,17,1,0,0,1,1,0,1,1,0,20085891
21,No,72,1,12,17,1,1,0,1,1,1,1,1,0,20085893
23,No,95,1,12,17,1,1,0,1,1,1,1,1,0,20085899
27,No,32,1,12,17,1,0,0,1,1,0,1,1,0,20085901
24,No,87,1,12,17,1,0,0,1,1,0,1,1,0,20085902
22,No,75,1,12,17,1,0,0,1,1,1,1,1,0,20085903
22,No,68,3,12,17,1,0,0,1,1,0,1,1,0,20085947
21,No,65,3,12,21,1,0,0,1,1,0,1,1,0,20085949
22,No,46,3,12,22,1,0,0,1,1,0,1,1,0,20085950
25,Yes,41,3,12,23,1,1,0,1,1,0,1,1,0,20086069
21,No,69,3,12,24,1,0,0,1,1,0,1,1,0,20086072
23,No,39,3,12,25,1,0,0,1,1,0,1,1,0,20086075
26,Yes,76,6,4,26,1,1,0,1,1,1,1,1,0,779296
23,No,38,3,12,27,1,0,0,1,1,0,1,1,0,20086173
24,No,61,3,12,28,1,1,0,1,1,0,1,1,0,20086239
22,No,47,3,12,17,1,1,0,1,1,0,1,1,0,20086240
23,No,77,3,12,17,1,1,0,1,1,0,1,1,0,20086243
23,No,100,3,12,17,1,1,0,1,1,0,1,1,0,20086245
21,No,87,3,12,17,1,1,0,1,1,0,1,1,0,20086246
21,No,91,3,12,17,1,0,0,1,1,0,1,1,0,20086248
21,No,92,3,12,17,1,0,0,1,1,0,1,1,0,20086276
21,No,76,3,12,17,1,0,0,1,1,0,1,1,0,20086277
20,No,61,3,12,17,1,0,0,1,1,0,1,1,0,20086278
21,No,53,3,12,17,1,1,0,1,1,0,1,1,0,20086280
21,No,79,3,12,17,1,0,0,1,1,0,1,1,0,20086281
27,No,92,3,12,17,1,1,0,1,1,0,1,1,0,20086283
29,No,72,3,12,17,1,1,3,1,1,0,0,1,0,517485
29,No,34,8,9,17,1,1,3,1,1,0,0,1,0,775300
29,No,32,11,13,17,1,1,4,1,1,0,0,1,0,792982
23,Yes,74,1,1,17,1,0,0,1,2,1,1,1,0,17000032
23,Yes,66,1,1,17,1,0,0,1,1,1,1,1,0,17000033
23,Yes,33,1,1,22,1,0,0,0,1,1,1,1,0,17000042
25,Yes,61,1,1,22,1,0,0,1,1,1,1,1,0,17000055
25,Yes,85,1,1,22,1,0,0,1,2,1,1,1,0,17000061
25,Yes,65,1,1,22,1,0,0,1,1,1,1,1,0,17000204
25,Yes,66,1,1,22,1,1,0,1,1,1,1,1,0,17000209
24,Yes,59,1,1,22,1,0,1,1,2,1,1,1,0,17000210
23,Yes,53,1,1,22,1,0,0,1,1,1,1,1,0,17000220
24,Yes,65,1,1,22,1,0,0,1,2,1,1,1,0,17000287
25,Yes,53,1,1,22,1,0,0,1,2,0,1,1,0,17000537
23,Yes,64,1,1,22,1,0,0,1,1,0,1,1,0,17000540
25,Yes,57,1,1,22,1,0,0,1,1,0,1,1,0,17000544
25,Yes,98,1,1,22,1,1,1,1,1,1,1,1,1,17000596
23,Yes,66,1,1,22,1,1,0,1,1,1,1,1,0,17000691
24,Yes,57,1,1,17,1,0,0,1,1,1,1,1,0,17000692
24,Yes,87,1,1,17,1,1,0,1,2,1,1,1,0,17000695
23,Yes,65,1,1,17,1,1,0,1,1,0,1,1,0,17000791
25,Yes,69,1,1,17,1,1,0,1,2,1,1,0,0,17000796
23,Yes,36,1,1,17,1,0,0,1,1,1,1,1,0,17000842
25,Yes,72,1,1,17,1,0,0,1,1,1,1,1,0,17000847
22,Yes,63,1,1,17,1,0,0,1,2,1,1,1,0,17000848
24,Yes,63,1,1,22,1,1,0,1,2,1,1,1,0,17000849
23,Yes,65,1,1,31,1,0,0,1,2,1,1,1,0,17000852
24,Yes,61,1,1,23,1,0,0,1,2,1,1,1,0,17000854
24,Yes,65,1,1,23,1,0,0,1,1,1,1,1,0,17000855
25,Yes,57,1,1,22,1,1,0,1,2,1,1,1,0,17000858
24,Yes,88,1,1,24,1,0,0,1,1,1,1,1,0,17000872
24,Yes,66,1,1,26,1,1,0,1,2,1,1,1,0,17000874
24,Yes,64,1,1,22,1,1,0,1,2,1,1,1,0,17000956
23,Yes,42,1,1,20,1,1,0,1,2,1,1,1,0,17000957
22,Yes,62,1,1,25,1,0,0,1,1,1,1,1,0,17007805
22,Yes,45,1,1,22,1,0,0,1,1,1,1,0,0,17007808
24,Yes,74,6,4,22,1,1,0,1,1,1,1,1,0,17007820
23,Yes,87,6,4,20,1,0,0,1,1,1,1,1,0,17007821
28,Yes,83,6,4,21,1,1,1,1,1,1,1,1,0,17007822
24,Yes,57,6,4,22,1,0,0,1,1,1,1,1,0,17007828
23,Yes,85,6,4,23,1,0,0,1,1,1,1,1,0,17007829
24,Yes,66,1,1,23,1,0,0,1,1,1,1,0,0,17008172
23,Yes,47,1,1,23,1,1,0,1,1,0,1,0,0,17008177
27,Yes,71,5,16,28,1,0,0,1,1,1,1,1,0,17008184
23,Yes,93,1,1,28,1,1,0,1,1,1,1,1,0,17008188
24,Yes,59,1,1,24,1,0,0,1,1,0,1,0,0,17008189
22,Yes,69,1,1,17,1,0,0,1,1,0,1,1,0,17008191
25,Yes,66,1,1,17,1,1,0,0,1,1,1,1,0,17008203
23,Yes,49,1,1,17,1,0,0,1,1,0,1,0,0,17008206
24,Yes,87,1,1,17,1,1,0,1,1,0,1,1,0,17008226
23,Yes,58,1,1,17,1,1,0,1,1,0,1,0,0,17008227
24,Yes,71,1,1,14,1,0,0,1,1,0,1,1,0,17008236
23,Yes,77,1,1,5,1,1,0,1,1,0,1,1,0,17008238
24,Yes,75,5,16,17,1,1,0,1,1,1,1,1,0,17008251
24,Yes,60,1,1,17,1,1,0,1,1,0,1,1,0,17008252
25,Yes,79,1,1,17,1,0,0,1,1,1,1,1,0,17008253
25,Yes,54,1,1,17,1,1,0,1,1,1,1,1,0,17008257
24,Yes,55,1,1,17,1,0,0,1,1,1,1,1,0,17008271
23,Yes,69,1,1,17,1,0,0,1,1,1,1,1,0,17008279
23,Yes,41,1,1,17,1,1,0,1,1,0,1,1,0,17008635
24,Yes,74,1,1,12,1,0,0,1,1,1,1,1,0,17008645
25,Yes,67,1,1,18,1,1,0,1,1,0,1,1,0,17008660
23,Yes,45,1,1,23,1,1,0,1,1,0,1,1,0,17008859
26,Yes,45,5,16,17,1,1,0,1,1,1,1,1,0,17008862
22,Yes,86,5,16,9,1,0,0,1,1,1,1,1,0,17008864
24,Yes,43,1,1,21,1,1,0,1,1,0,1,1,0,17008867
26,Yes,79,1,1,15,1,1,0,1,1,0,1,1,0,17008868
25,Yes,55,1,1,17,1,0,0,1,1,1,0,1,0,17008961
22,Yes,96,5,16,17,1,0,0,1,1,1,1,1,0,17009005
25,Yes,69,1,1,6,1,0,0,1,1,1,1,1,0,17009011
24,Yes,44,6,4,17,1,1,0,1,1,1,1,1,0,17009468
31,Yes,95,6,4,7,1,1,0,1,1,1,1,1,0,17009479
31,Yes,72,1,1,17,1,0,1,1,1,1,1,1,0,17010091
23,Yes,95,1,1,17,1,0,0,1,1,1,0,0,0,17010320
23,Yes,57,1,1,11,1,1,0,1,2,1,1,1,0,17010337
30,Yes,78,1,1,17,1,0,2,0,3,0,1,1,0,17010397
30,Yes,84,1,1,17,1,0,2,1,1,0,1,1,0,17011003
22,Yes,99,5,16,17,1,1,0,1,1,1,1,1,0,17011249
29,Yes,66,5,16,17,1,0,0,1,1,0,1,1,0,17011250
25,Yes,89,5,16,17,1,1,0,1,1,1,1,1,0,17011251
23,Yes,53,1,1,17,1,1,0,1,1,1,1,1,0,17012095
25,Yes,49,1,1,17,1,1,0,1,1,1,0,1,0,17012270
22,Yes,63,1,1,17,1,1,0,1,1,1,1,1,0,17012278
24,Yes,63,2,7,17,1,0,0,1,1,1,0,1,0,17013385
23,Yes,56,1,1,17,1,1,0,1,1,1,1,1,0,17014113
22,Yes,64,1,1,17,1,1,0,1,1,1,1,1,0,17014119
22,Yes,65,1,1,17,1,1,0,1,1,1,1,1,0,17014121
22,Yes,59,1,1,17,1,1,0,1,1,1,1,1,0,17014126
24,Yes,63,1,1,17,1,1,0,1,1,1,1,1,0,17014128
23,Yes,92,1,1,17,1,1,0,1,1,1,1,1,0,17014129
22,Yes,94,1,1,17,1,0,0,1,1,1,1,0,0,17014138
24,Yes,67,1,1,17,1,0,0,1,1,1,1,1,0,17014161
23,Yes,55,1,1,17,1,0,0,1,1,1,1,0,0,17014173
22,Yes,35,1,1,17,1,0,0,1,1,1,1,0,0,17014185
22,Yes,89,5,16,12,1,0,0,1,1,1,1,1,0,17017150
22,Yes,77,1,1,18,1,0,0,1,3,1,1,1,0,17017754
25,Yes,57,1,1,23,1,0,0,1,2,1,1,1,0,17017764
26,Yes,91,1,1,17,1,0,0,1,1,1,1,1,0,17017768
22,Yes,77,1,1,9,1,1,0,1,1,1,1,0,0,17017773
23,Yes,54,1,1,21,1,0,0,1,1,1,1,1,0,17017781
23,Yes,94,2,7,15,1,1,0,1,1,1,1,1,0,17017893
22,Yes,45,2,7,17,1,1,0,1,1,1,1,1,0,17017904
23,Yes,63,1,1,17,1,1,0,1,1,1,1,0,0,20001073
26,Yes,75,1,1,6,4,0,0,1,1,1,1,1,0,20001083
24,Yes,77,1,1,17,1,0,0,1,1,1,1,1,0,20004362
22,Yes,32,1,1,7,1,1,0,1,1,1,1,1,0,20004370
22,Yes,64,1,1,17,1,1,0,1,1,1,1,1,0,20004379
22,Yes,59,1,1,17,1,0,0,1,1,1,1,1,0,20004462
23,Yes,65,1,1,12,1,1,0,1,1,1,1,1,0,20005225
23,Yes,53,1,1,17,1,1,0,1,1,1,1,0,1,20005233
22,Yes,58,1,1,17,1,1,0,1,1,1,1,1,0,20005293
23,Yes,65,1,1,17,1,1,0,1,1,1,1,1,0,20005299
27,Yes,48,1,1,17,1,1,0,1,1,1,1,1,0,20006573
24,Yes,53,1,1,17,1,1,0,1,1,1,1,1,0,20006578
22,Yes,59,1,1,17,1,1,0,1,1,1,1,1,0,20006583
25,Yes,64,6,4,30,1,1,0,1,1,1,1,1,0,20008850
22,Yes,68,1,1,30,1,1,0,1,1,1,1,1,0,20010061
22,Yes,67,1,1,30,1,0,0,1,1,1,1,1,0,20010068
25,Yes,30,1,1,30,1,0,0,1,1,1,1,1,0,20010069
23,Yes,71,1,1,30,1,1,0,1,1,1,1,1,0,20010093
24,Yes,67,1,1,30,1,1,0,1,1,1,1,1,0,20010101
23,Yes,68,1,1,30,1,1,0,1,1,1,1,1,0,20010124
29,Yes,38,1,1,30,1,0,0,1,1,1,1,1,0,20010160
22,Yes,65,1,1,30,1,0,0,1,1,1,1,0,0,20011029
21,Yes,52,4,3,30,1,0,0,1,1,1,0,1,0,20014695
22,Yes,85,4,3,30,1,0,0,1,1,1,0,1,0,20014697
24,Yes,54,4,3,30,1,1,0,1,1,1,0,1,0,20014747
23,Yes,42,5,16,30,1,1,0,1,1,1,1,1,0,20018510
23,Yes,89,4,3,30,1,1,0,1,1,1,0,1,0,20021261
23,Yes,58,4,3,30,1,0,0,1,1,1,0,1,0,20021283
27,Yes,87,10,10,30,1,1,0,1,1,0,1,1,0,20061344
30,Yes,63,7,17,30,1,1,0,1,1,0,1,1,0,40016170
21,Yes,100,7,5,30,1,1,0,1,1,0,1,1,0,40016171
22,Yes,79,7,5,30,1,1,0,1,1,0,1,1,0,40016173
20,Yes,59,7,5,30,1,1,0,1,1,0,1,1,0,40016176
22,Yes,55,7,17,30,1,1,0,1,1,0,1,1,0,40019825
21,Yes,38,7,17,30,1,1,0,1,1,0,1,1,0,40019827
20,Yes,46,7,17,17,1,1,0,1,1,0,1,1,0,40019840
20,Yes,82,7,17,17,1,1,0,1,1,0,1,1,0,40019841
24,Yes,62,7,17,12,1,1,0,1,1,0,1,1,0,40020273
22,Yes,34,7,17,18,1,1,0,1,1,0,1,1,0,40020276
27,Yes,90,12,15,23,1,1,0,1,1,0,0,1,0,636710
24,Yes,58,1,1,17,1,0,1,1,2,1,1,1,1,771371
28,Yes,60,1,1,9,1,1,0,1,1,0,1,1,0,771550
24,Yes,58,1,1,21,1,1,0,1,2,1,1,1,0,771662
23,Yes,43,1,1,15,1,0,0,1,1,1,1,1,0,771663
27,Yes,66,1,1,17,1,1,0,1,1,1,1,1,0,771677
24,Yes,97,1,1,17,4,1,0,1,2,1,1,1,0,771742
23,Yes,37,1,1,6,1,1,0,1,1,1,1,1,0,771746
25,Yes,51,1,1,17,1,1,0,1,1,1,1,1,0,771760
24,Yes,87,1,1,7,1,0,0,1,1,1,1,0,0,771761
28,Yes,60,1,1,17,1,0,0,1,1,1,1,1,0,771763
26,Yes,99,1,1,17,1,1,0,1,2,1,1,1,0,772117
24,Yes,65,1,1,12,1,1,0,1,1,1,1,1,0,772119
23,Yes,94,1,1,18,1,1,0,1,1,1,1,1,0,772123
23,Yes,94,1,1,23,1,0,0,1,2,1,1,1,0,772332
27,Yes,70,1,1,17,1,1,0,1,1,1,1,1,1,772340
24,Yes,63,1,1,9,1,1,0,1,1,1,1,1,0,773634
24,Yes,73,1,1,21,1,1,0,1,1,1,1,1,0,773642
23,Yes,96,1,1,17,1,1,0,1,1,1,0,1,0,773652
23,Yes,85,6,4,17,1,1,0,1,1,1,1,1,0,775172
24,Yes,36,6,4,17,1,1,0,1,1,1,1,1,0,777172
24,Yes,71,3,4,17,1,1,2,1,1,1,0,1,0,778382
26,Yes,39,6,4,17,1,1,0,1,1,1,1,1,0,779004
25,Yes,56,6,4,17,1,1,0,1,1,1,1,1,0,779033
23,Yes,89,6,4,17,1,0,0,1,1,1,1,1,1,779204
22,Yes,91,6,4,17,1,0,0,1,1,1,1,1,0,779212
24,Yes,85,6,4,17,1,0,0,1,1,1,1,1,0,779214
24,Yes,92,6,4,17,1,0,1,1,1,1,1,1,0,779218
24,Yes,94,6,4,17,1,0,0,1,1,1,1,1,0,779789
22,Yes,92,6,4,12,1,0,0,1,1,1,1,1,0,779790
26,Yes,38,6,4,18,1,1,0,1,1,0,1,1,0,779860
23,Yes,90,6,4,23,1,0,0,1,1,1,1,1,0,779861
26,Yes,85,6,4,17,1,0,0,1,1,0,0,1,0,781409
27,Yes,56,6,4,17,1,1,0,1,1,1,1,1,0,781461
27,Yes,69,1,1,12,1,1,1,1,3,0,1,1,1,781471
23,Yes,46,1,1,18,1,0,0,1,1,1,1,0,1,781517
23,Yes,100,1,1,23,1,1,0,1,1,0,1,0,0,781525
26,Yes,71,1,1,17,1,1,0,1,3,0,1,1,0,781548
22,Yes,59,1,1,8,1,0,0,1,2,0,1,1,0,781557
24,Yes,78,1,1,13,1,1,0,1,1,1,1,1,1,781604
24,Yes,54,1,1,34,1,0,0,1,2,1,1,1,0,782797
25,Yes,62,1,1,17,1,1,0,1,2,1,1,1,0,782806
24,Yes,75,1,1,22,1,1,0,1,1,1,1,1,0,782807
23,Yes,89,1,1,17,1,0,0,1,1,1,1,1,0,783015
25,Yes,75,1,1,17,1,0,1,1,1,0,1,1,0,783083
23,Yes,42,1,1,17,1,0,1,1,2,1,1,1,0,783088
24,Yes,56,1,1,17,1,1,0,1,2,1,1,1,0,783116
24,Yes,56,1,1,17,1,0,1,1,1,1,1,1,1,783309
23,Yes,60,6,4,17,1,1,0,1,1,1,1,1,0,783399
23,Yes,71,1,1,17,1,0,0,1,2,1,1,1,0,783416
22,Yes,86,1,1,22,1,0,0,1,2,1,1,1,0,783493
24,Yes,66,1,1,24,1,0,0,1,2,1,1,1,0,784011
27,Yes,67,1,1,27,1,1,0,1,1,1,1,1,0,784018
24,Yes,45,1,1,24,1,1,1,1,2,1,1,1,1,793782
28,Yes,35,1,1,28,1,0,1,1,1,1,1,1,1,793786
24,Yes,67,1,1,24,1,1,0,1,2,1,1,1,0,793788
25,Yes,61,1,1,25,1,1,1,1,1,1,1,0,0,793852
23,Yes,54,1,1,23,1,0,1,1,2,1,1,1,1,793865
29,Yes,80,1,1,29,1,1,0,1,1,1,1,1,0,793880
23,Yes,46,1,1,23,1,0,0,1,1,1,1,1,0,793922
22,Yes,55,1,1,22,1,0,1,1,2,0,1,1,1,794111
24,Yes,62,1,1,24,1,1,0,1,2,1,1,1,0,794114
31,Yes,35,1,1,31,1,0,0,1,2,1,1,1,0,794115
23,Yes,97,1,1,23,1,0,1,1,2,1,1,0,1,794116
24,Yes,65,1,1,24,1,0,0,1,1,1,1,1,0,794118
22,Yes,72,1,1,22,1,0,0,1,2,1,1,1,0,794119
24,Yes,74,1,1,24,1,0,0,1,2,1,1,1,0,794121
24,Yes,64,1,1,24,1,0,0,1,2,1,1,0,1,794126
23,Yes,39,1,1,23,1,1,1,1,2,1,1,1,0,794128
24,Yes,34,6,4,24,1,0,0,1,1,1,1,1,0,794167
26,Yes,99,1,1,26,1,0,1,1,1,1,1,1,1,794279
24,Yes,43,6,4,24,1,0,0,1,1,1,1,1,0,794285
25,Yes,43,6,4,25,1,1,0,1,1,1,1,1,0,794397
26,Yes,66,1,1,26,1,0,0,1,1,0,1,1,0,794569
24,Yes,96,6,4,24,1,0,0,1,1,1,1,1,0,794726
28,Yes,37,1,1,17,1,0,1,1,3,1,1,1,0,794764
28,Yes,31,1,1,17,1,0,2,1,1,1,1,1,0,795690
23,Yes,48,1,1,17,1,0,0,1,1,1,1,1,0,795759
23,Yes,79,1,1,17,1,0,0,1,2,1,1,0,0,795761
27,Yes,52,1,1,17,1,0,0,1,3,1,1,0,0,795770
24,Yes,55,1,1,17,1,0,0,1,1,1,1,1,0,795786
23,Yes,68,6,4,17,1,1,0,1,1,1,1,1,0,795795
24,Yes,83,6,4,17,1,0,0,1,1,1,1,1,0,795804
25,Yes,96,6,4,12,1,1,0,1,1,1,1,1,1,795806
24,Yes,85,6,4,18,1,1,0,1,1,1,1,1,0,795813
24,Yes,52,6,4,23,1,0,0,1,1,1,0,1,0,796224
24,Yes,75,6,4,17,1,0,0,1,1,1,1,1,0,796230
24,Yes,80,6,4,9,1,1,1,1,1,0,1,1,0,796470
28,Yes,66,6,4,21,1,1,1,1,1,1,1,1,0,796474
24,Yes,44,6,4,15,1,1,0,1,1,1,0,1,0,796475
23,Yes,59,6,4,17,1,0,0,1,1,1,1,1,0,796567
23,Yes,31,6,4,17,1,0,0,1,1,0,0,1,0,796593
23,Yes,90,6,4,6,1,0,0,1,1,1,0,1,0,796601
23,Yes,94,6,4,17,1,0,0,1,1,1,0,1,0,796612
23,Yes,83,6,4,7,1,0,0,1,1,1,0,1,0,796620
23,Yes,78,6,4,17,1,1,0,1,1,1,0,1,1,796622
24,Yes,72,6,4,17,1,1,0,1,1,1,0,1,1,796623
25,Yes,36,6,4,12,1,1,0,1,1,1,0,1,0,796641
23,Yes,58,6,4,17,1,1,0,1,1,1,0,1,0,796647
22,Yes,34,1,1,17,1,1,0,1,1,1,1,1,0,796724
23,Yes,60,1,1,23,1,0,0,1,1,1,1,1,0,796778
23,Yes,89,1,1,23,1,0,0,1,2,1,1,1,0,796780
22,Yes,88,1,1,22,1,1,0,1,1,1,1,1,0,796782
23,Yes,34,1,1,23,1,0,0,1,2,1,1,1,0,796784
23,Yes,69,6,4,23,1,0,0,1,1,1,0,1,0,796808
23,Yes,61,1,1,23,1,0,0,1,1,1,1,1,0,796814
25,Yes,79,1,1,25,1,0,0,1,1,1,1,1,0,796816
23,Yes,76,1,1,23,1,1,0,1,2,1,1,1,0,796840
24,Yes,31,1,1,24,1,0,1,1,2,1,1,1,1,796859
23,Yes,45,6,4,23,1,1,0,1,1,1,0,1,0,796863
23,Yes,93,6,4,23,1,1,0,1,1,1,0,1,0,796881
24,Yes,68,6,4,24,1,1,0,1,1,1,0,1,1,796889
23,Yes,69,1,1,23,1,0,0,1,1,1,1,1,0,797376
23,Yes,72,1,1,23,1,1,0,1,1,0,1,1,0,797463
23,Yes,69,1,1,23,1,0,0,1,2,0,0,1,0,797470
24,Yes,62,1,1,24,1,0,0,1,2,0,0,1,0,797472
23,Yes,38,1,1,23,1,0,0,1,2,0,1,0,0,797494
23,Yes,97,1,1,23,1,0,0,1,2,0,1,1,0,797604
22,Yes,45,2,7,22,1,0,0,1,1,1,0,1,1,797653
23,Yes,59,1,1,23,1,1,0,1,1,1,0,0,0,797856
23,Yes,90,1,1,23,1,0,0,1,2,1,0,1,0,797858
24,Yes,33,1,1,24,1,1,1,1,2,1,1,0,0,797862
23,Yes,78,1,1,23,1,1,0,1,1,1,0,0,0,797868
27,Yes,77,2,7,27,1,0,2,1,1,1,0,1,0,798091
24,Yes,49,1,1,24,1,1,0,1,1,1,0,1,0,798101
24,Yes,78,1,1,24,1,0,0,1,1,1,1,1,0,798210
25,Yes,81,1,1,25,1,1,0,1,1,0,1,1,0,798219
24,Yes,58,1,1,17,1,0,0,1,2,1,0,1,0,798281
24,Yes,62,1,1,17,1,0,0,1,1,1,1,1,0,798286
26,Yes,60,1,1,17,1,1,0,1,2,0,1,1,0,798287
26,Yes,95,1,1,17,1,1,1,1,1,1,0,1,0,798292
25,Yes,44,1,1,17,1,1,0,1,2,0,0,1,0,798300
25,Yes,67,1,1,17,4,0,0,1,2,0,1,1,0,798333
24,Yes,79,1,1,17,1,1,0,1,2,1,0,1,0,798337
27,Yes,78,1,1,17,1,1,0,1,1,1,0,1,0,798343
24,Yes,85,1,1,17,1,0,1,1,1,1,1,1,1,798349
23,Yes,85,1,1,17,1,0,0,1,2,1,1,1,0,798356
23,Yes,91,1,1,17,1,0,0,1,1,1,1,1,0,798367
23,Yes,30,1,1,17,1,1,0,1,2,0,1,0,0,798370
25,Yes,31,1,1,17,1,0,0,1,2,0,1,1,0,798383
23,Yes,54,1,1,17,1,1,1,1,1,0,1,1,0,798395
23,Yes,65,1,1,17,1,1,0,1,2,1,1,1,0,798397
27,Yes,96,1,1,12,1,0,0,1,1,1,1,1,0,798425
23,Yes,66,1,1,18,1,1,0,1,2,1,1,1,0,798427
24,Yes,77,1,1,23,1,1,0,1,3,1,1,0,0,798431
26,Yes,32,1,1,17,1,1,0,1,1,1,1,1,0,798439
24,Yes,61,1,1,9,1,0,0,1,1,1,1,1,0,798445
24,Yes,62,2,7,21,1,0,0,1,1,1,0,1,0,798468
24,Yes,65,2,7,15,1,1,0,1,1,1,1,1,0,798474
24,Yes,31,1,1,17,1,0,0,1,2,1,1,0,0,798616
31,Yes,73,6,4,17,1,0,2,1,1,0,1,1,0,798635
31,Yes,40,1,1,6,1,1,0,1,2,1,1,0,0,798656
24,Yes,50,1,1,17,1,0,0,1,3,1,1,1,0,798664
24,Yes,69,1,1,7,1,0,0,1,1,1,1,0,0,798665
22,Yes,81,1,1,17,1,0,0,1,1,1,1,1,0,798667
23,Yes,70,1,1,17,1,0,0,1,2,1,1,1,0,798669
24,Yes,43,1,1,12,1,1,0,1,2,1,1,1,0,798671
26,Yes,72,1,1,18,1,0,0,1,2,1,1,1,0,798704
26,Yes,64,6,4,23,1,1,1,1,1,1,1,1,0,798838
23,Yes,69,1,1,17,1,1,0,1,1,1,1,1,0,799026
27,Yes,54,6,4,9,1,0,1,1,1,0,0,1,0,799135
24,Yes,80,1,1,17,1,1,0,1,1,1,1,1,0,799253
25,Yes,92,1,1,17,1,1,0,1,1,1,1,1,0,799261
23,Yes,85,1,1,17,1,0,0,1,2,1,1,1,0,799264
24,Yes,69,6,4,17,1,0,0,1,1,1,0,1,0,799334
23,Yes,68,6,4,17,1,1,0,1,1,1,0,1,0,799347
25,Yes,71,6,4,17,1,1,0,1,1,1,0,1,0,799367
27,Yes,83,6,4,17,1,1,0,1,1,1,0,1,0,799526
23,Yes,57,6,4,17,1,0,0,1,1,0,1,1,1,799539
22,Yes,96,6,4,17,1,0,1,1,1,1,1,1,0,799547
25,Yes,88,6,4,17,1,1,0,1,1,1,1,1,1,799562
25,Yes,81,2,7,17,1,1,0,1,1,1,0,1,0,799588
23,Yes,83,6,4,17,1,0,0,1,1,1,0,1,0,799609
25,Yes,91,6,4,17,1,0,0,1,1,1,0,1,0,799616
23,Yes,75,6,4,17,1,0,0,1,1,1,0,1,0,799635
24,Yes,73,6,4,17,1,1,1,1,1,1,0,1,0,799637
23,Yes,87,6,4,17,1,0,0,1,1,1,0,1,0,799645
25,Yes,78,6,4,25,1,0,0,1,1,1,0,1,1,799647
24,Yes,58,6,4,24,1,0,0,1,1,1,0,1,0,799693
24,Yes,67,6,4,24,1,0,0,1,1,1,0,1,0,799699
26,Yes,35,6,4,26,1,0,0,1,1,1,0,1,0,799701
24,Yes,97,6,4,24,1,0,0,1,1,1,0,1,0,799716
25,Yes,87,6,4,25,1,1,0,1,1,1,0,1,0,799718
27,Yes,83,6,4,27,1,0,1,1,1,1,0,1,0,799725
23,Yes,98,6,4,23,1,1,0,1,1,1,1,1,0,799874
24,Yes,42,1,1,24,1,1,0,1,2,1,1,1,0,799881
24,Yes,63,6,4,24,1,1,1,1,1,1,1,1,0,799996
31,Yes,66,8,4,31,1,0,3,1,1,0,0,1,0,17006662
31,Yes,84,1,1,31,1,0,3,1,1,0,0,1,0,17015790
28,Yes,65,11,14,28,1,1,4,1,1,0,0,1,0,20047712
31,Yes,43,11,14,31,1,0,4,1,1,0,0,1,0,20049857
28,Yes,69,11,14,17,1,1,4,1,1,0,0,1,0,20059365
26,Yes,44,5,8,17,1,1,0,1,1,0,0,1,0,20077962
30,Yes,61,11,14,17,1,0,4,1,1,0,0,1,0,211694
30,Yes,88,6,4,17,1,0,3,1,1,0,0,1,0,799092
30,Yes,48,11,14,17,1,1,4,1,1,0,0,1,0,40016232
23,Yes,73,3,4,17,1,1,0,1,1,0,0,1,0,20081787
23,Yes,34,3,4,17,1,1,0,1,1,0,0,1,0,20081828
25,Yes,99,1,12,6,1,0,0,1,1,1,1,0,0,20082405
25,Yes,50,8,9,17,1,1,3,1,1,0,0,1,0,799131
